Class,Precision,Recall,F1,mAP50,mAP50-95,Detection_Accuracy
Aloo Paratha,0.961,0.8411,0.8971,0.9358,0.6583,0.8636
Rasgulla,0.9659,0.9298,0.9475,0.9854,0.844,0.9571
Biryani,0.9463,0.9103,0.9279,0.9648,0.8669,0.9103
Chicken Tikka,0.9085,0.9027,0.9056,0.9077,0.6035,0.9091
Palak Paneer,0.9516,1.0,0.9752,0.9942,0.9314,1.0
Poha,0.9732,0.8951,0.9325,0.9752,0.7495,0.9383
Khichdi,0.9261,0.8772,0.901,0.9291,0.7338,0.9123
Omelette,0.8936,0.9701,0.9303,0.9793,0.9061,0.9851
Plain Rice,0.9242,0.9512,0.9375,0.9586,0.7278,0.9512
Chapati,0.8736,0.8779,0.8757,0.9138,0.6296,0.9286
