model,epoch,time,train/box_loss,train/cls_loss,train/dfl_loss,metrics/precision(B),metrics/recall(B),metrics/mAP50(B),metrics/mAP50-95(B),val/box_loss,val/cls_loss,val/dfl_loss,lr/pg0,lr/pg1,lr/pg2,epoch_wall_time_sec,epoch_wall_time_min,metrics/F1(B)
yolo11s,1,59.8691,1.31973,4.68131,1.81913,0.42187,0.22671,0.15052,0.08333,1.63293,4.42137,2.45272,0.00331884,0.00331884,0.0701304,59.8691,0.9978183333333334,0.2949278352708995
yolo11s,2,107.41,1.30337,3.15193,1.74734,0.36279,0.41127,0.27542,0.14893,1.53705,3.46808,2.42739,0.00658632,0.00658632,0.0400646,47.54089999999999,0.7923483333333332,0.385511829315557
yolo11s,3,154.671,1.34031,2.87419,1.77014,0.3299,0.27494,0.1687,0.07755,1.80017,3.92714,2.80862,0.00978779,0.00978779,0.00993272,47.260999999999996,0.7876833333333333,0.2999229746709874
yolo11s,4,201.826,1.387,2.82633,1.80566,0.27106,0.25091,0.15944,0.08078,1.7002,3.75832,2.60434,0.009703,0.009703,0.009703,47.155,0.7859166666666667,0.26059606720692763
yolo11s,5,248.933,1.39785,2.673,1.79948,0.29405,0.33522,0.22652,0.11456,1.78864,3.04977,2.62607,0.009604,0.009604,0.009604,47.107,0.7851166666666667,0.3132882260396968
yolo11s,6,296.107,1.38193,2.52553,1.77878,0.33024,0.33459,0.2732,0.16076,1.62025,2.70509,2.44122,0.009505,0.009505,0.009505,47.174000000000035,0.7862333333333339,0.33240076891837006
yolo11s,7,343.23,1.35984,2.42827,1.76012,0.38605,0.34654,0.28942,0.14912,1.59333,3.03724,2.46327,0.009406,0.009406,0.009406,47.12299999999999,0.7853833333333332,0.3652295745232667
yolo11s,8,390.372,1.36097,2.34917,1.75291,0.36201,0.45946,0.37089,0.2043,1.60168,2.4272,2.33269,0.009307,0.009307,0.009307,47.141999999999996,0.7857,0.40495481173992964
yolo11s,9,437.527,1.33718,2.24707,1.73972,0.50891,0.44724,0.43801,0.23194,1.64232,2.24394,2.4205,0.009208,0.009208,0.009208,47.15499999999997,0.7859166666666663,0.47608619651728284
yolo11s,10,484.601,1.32188,2.19769,1.7243,0.4001,0.35155,0.3031,0.17001,1.64439,2.6782,2.57988,0.009109,0.009109,0.009109,47.07400000000001,0.7845666666666669,0.37425704782811153
yolo11s,11,531.758,1.31761,2.14468,1.7184,0.48313,0.48462,0.47585,0.26711,1.61199,1.95164,2.37012,0.00901,0.00901,0.00901,47.15700000000004,0.7859500000000007,0.48387385295789204
yolo11s,12,578.87,1.30345,2.08161,1.70413,0.43749,0.48362,0.49013,0.2907,1.54751,1.90775,2.32792,0.008911,0.008911,0.008911,47.111999999999966,0.7851999999999995,0.45939988448719477
yolo11s,13,625.951,1.2893,2.03872,1.69427,0.42664,0.5073,0.48772,0.2812,1.51789,1.93993,2.31608,0.008812,0.008812,0.008812,47.08100000000002,0.7846833333333336,0.46348688780863867
yolo11s,14,673.073,1.29809,2.00618,1.69439,0.48214,0.5556,0.56443,0.3309,1.51089,1.73035,2.26314,0.008713,0.008713,0.008713,47.12199999999996,0.785366666666666,0.516269940447511
yolo11s,15,720.161,1.27887,1.94853,1.68222,0.49694,0.50921,0.52596,0.30517,1.51404,1.86406,2.283,0.008614,0.008614,0.008614,47.087999999999965,0.7847999999999994,0.5030001836704269
yolo11s,16,767.291,1.28534,1.90146,1.68412,0.50207,0.54826,0.56484,0.32525,1.54593,1.75308,2.32954,0.008515,0.008515,0.008515,47.13000000000011,0.7855000000000019,0.5241493591537898
yolo11s,17,814.347,1.28343,1.86451,1.68818,0.45372,0.58291,0.57431,0.32959,1.57518,1.7417,2.335,0.008416,0.008416,0.008416,47.055999999999926,0.7842666666666654,0.5102648489817967
yolo11s,18,861.45,1.25277,1.84356,1.67188,0.48375,0.58032,0.57387,0.33751,1.50282,1.67823,2.27731,0.008317,0.008317,0.008317,47.103000000000065,0.7850500000000011,0.5276528799797005
yolo11s,19,908.515,1.26044,1.82578,1.66443,0.52025,0.58524,0.60748,0.36035,1.50629,1.69319,2.28582,0.008218,0.008218,0.008218,47.06499999999994,0.7844166666666657,0.5508346705985581
yolo11s,20,955.653,1.24859,1.76838,1.65546,0.53857,0.55824,0.59723,0.35611,1.50291,1.63527,2.26028,0.008119,0.008119,0.008119,47.138000000000034,0.7856333333333338,0.5482286208185555
yolo11s,21,1002.71,1.23484,1.7659,1.64813,0.51676,0.55674,0.58862,0.34939,1.52754,1.72843,2.27386,0.00802,0.00802,0.00802,47.057000000000016,0.7842833333333336,0.5360055191429901
yolo11s,22,1049.8,1.22848,1.71931,1.64082,0.45261,0.62544,0.60812,0.35378,1.52395,1.64885,2.31623,0.007921,0.007921,0.007921,47.08999999999992,0.7848333333333319,0.5251711857520523
yolo11s,23,1096.95,1.22264,1.66446,1.63811,0.60823,0.56078,0.61279,0.35938,1.49502,1.55335,2.25625,0.007822,0.007822,0.007822,47.15000000000009,0.7858333333333348,0.5835420046021846
yolo11s,24,1144.05,1.21259,1.67294,1.63634,0.58206,0.60024,0.64539,0.37066,1.50431,1.5304,2.29249,0.007723,0.007723,0.007723,47.09999999999991,0.7849999999999985,0.5910102248160365
yolo11s,25,1191.23,1.21953,1.63338,1.62961,0.55866,0.59058,0.65219,0.38303,1.50801,1.57537,2.26904,0.007624,0.007624,0.007624,47.180000000000064,0.7863333333333344,0.5741767129581289
yolo11s,26,1238.27,1.20055,1.61157,1.62172,0.50909,0.56908,0.56074,0.33579,1.49545,1.6832,2.25178,0.007525,0.007525,0.007525,47.039999999999964,0.7839999999999994,0.5374160609180371
yolo11s,27,1285.28,1.19286,1.58053,1.61304,0.53532,0.63861,0.6546,0.3908,1.47115,1.51288,2.2413,0.007426,0.007426,0.007426,47.00999999999999,0.7834999999999999,0.5824209368531343
yolo11s,28,1332.37,1.17978,1.54735,1.61266,0.51518,0.67569,0.66105,0.39431,1.48995,1.49089,2.23713,0.007327,0.007327,0.007327,47.08999999999992,0.7848333333333319,0.5846179250463948
yolo11s,29,1379.41,1.18648,1.54406,1.61376,0.5527,0.63928,0.65578,0.37789,1.5427,1.49078,2.34676,0.007228,0.007228,0.007228,47.04000000000019,0.7840000000000031,0.5928456115035486
yolo11s,30,1426.4,1.17057,1.52382,1.60513,0.53706,0.6771,0.67643,0.40896,1.47075,1.41963,2.222,0.007129,0.007129,0.007129,46.99000000000001,0.7831666666666668,0.5990039632338406
yolo11s,31,1473.47,1.16322,1.49037,1.59138,0.56815,0.60506,0.64952,0.38712,1.47683,1.45499,2.2613,0.00703,0.00703,0.00703,47.069999999999936,0.784499999999999,0.586024392904936
yolo11s,32,1520.44,1.16689,1.50267,1.60154,0.55524,0.65837,0.68111,0.40202,1.50891,1.42792,2.25234,0.006931,0.006931,0.006931,46.97000000000003,0.7828333333333338,0.6024231158279841
yolo11s,33,1567.45,1.17255,1.47858,1.5986,0.6008,0.61254,0.65649,0.38746,1.47349,1.52933,2.20846,0.006832,0.006832,0.006832,47.00999999999999,0.7834999999999999,0.606613203224158
yolo11s,34,1614.56,1.14781,1.42456,1.58329,0.56253,0.64005,0.65169,0.3941,1.45778,1.45602,2.20931,0.006733,0.006733,0.006733,47.1099999999999,0.785166666666665,0.598791475826972
yolo11s,35,1661.67,1.14937,1.42678,1.58391,0.62967,0.66456,0.69596,0.41454,1.48885,1.40402,2.24039,0.006634,0.006634,0.006634,47.11000000000013,0.7851666666666688,0.6466447156996824
yolo11s,36,1708.83,1.14086,1.40559,1.57522,0.63903,0.61542,0.68744,0.41357,1.4766,1.38394,2.2572,0.006535,0.006535,0.006535,47.159999999999854,0.7859999999999976,0.6270028181274663
yolo11s,37,1755.89,1.13072,1.37801,1.57328,0.57877,0.65627,0.6732,0.40106,1.49587,1.43634,2.23503,0.006436,0.006436,0.006436,47.06000000000017,0.7843333333333362,0.6150883985943775
yolo11s,38,1803.05,1.12733,1.36129,1.56113,0.61145,0.60965,0.65893,0.40205,1.46915,1.47338,2.24036,0.006337,0.006337,0.006337,47.159999999999854,0.7859999999999976,0.6105486733273279
yolo11s,39,1850.12,1.11154,1.33233,1.55369,0.69427,0.60122,0.69553,0.41913,1.50813,1.36675,2.28302,0.006238,0.006238,0.006238,47.069999999999936,0.784499999999999,0.6444032904924006
yolo11s,40,1897.22,1.11837,1.33052,1.56486,0.59069,0.67547,0.70367,0.42048,1.4927,1.3647,2.24499,0.006139,0.006139,0.006139,47.100000000000136,0.7850000000000023,0.63024163502243
yolo11s,41,1944.37,1.10754,1.3295,1.5552,0.62615,0.65838,0.70323,0.43245,1.45894,1.32577,2.24236,0.00604,0.00604,0.00604,47.149999999999864,0.785833333333331,0.6418606603193385
yolo11s,42,1991.51,1.10632,1.28021,1.54916,0.66009,0.66328,0.70546,0.43309,1.45656,1.37084,2.21449,0.005941,0.005941,0.005941,47.1400000000001,0.7856666666666683,0.6616811552324746
yolo11s,43,2038.67,1.10225,1.23597,1.54311,0.6318,0.68433,0.71322,0.44222,1.44962,1.32775,2.22559,0.005842,0.005842,0.005842,47.16000000000008,0.7860000000000014,0.6570166989583096
yolo11s,44,2085.87,1.07428,1.24747,1.52696,0.64806,0.6371,0.68015,0.41505,1.4726,1.35265,2.26719,0.005743,0.005743,0.005743,47.19999999999982,0.7866666666666636,0.6425332658968533
yolo11s,45,2132.93,1.07657,1.24544,1.52789,0.63951,0.63325,0.68876,0.41936,1.47776,1.40381,2.25807,0.005644,0.005644,0.005644,47.059999999999945,0.7843333333333324,0.6363646052672932
yolo11s,46,2180.05,1.07179,1.19981,1.52876,0.67936,0.68194,0.71411,0.43714,1.49542,1.34336,2.2637,0.005545,0.005545,0.005545,47.120000000000346,0.7853333333333391,0.6806475551311246
yolo11s,47,2227.16,1.06721,1.20703,1.52247,0.6305,0.63887,0.69295,0.42615,1.47722,1.357,2.29571,0.005446,0.005446,0.005446,47.10999999999967,0.7851666666666612,0.6346574048543766
yolo11s,48,2274.19,1.06633,1.18308,1.51444,0.64739,0.6591,0.71736,0.44784,1.4606,1.30302,2.23227,0.005347,0.005347,0.005347,47.0300000000002,0.7838333333333367,0.6531925219481205
yolo11s,49,2321.31,1.05302,1.1904,1.5151,0.64678,0.67672,0.72268,0.44597,1.44807,1.30824,2.23298,0.005248,0.005248,0.005248,47.11999999999989,0.7853333333333316,0.6614113511144691
yolo11s,50,2368.41,1.0353,1.15463,1.49365,0.67139,0.6893,0.73884,0.45221,1.46491,1.24583,2.27486,0.005149,0.005149,0.005149,47.09999999999991,0.7849999999999985,0.6802271303529828
yolo11s,51,2415.51,1.04056,1.1376,1.49915,0.6271,0.66885,0.70713,0.43165,1.4745,1.35783,2.25673,0.00505,0.00505,0.00505,47.100000000000364,0.785000000000006,0.6473024962382808
yolo11s,52,2462.55,1.04034,1.12581,1.49986,0.5831,0.69985,0.7021,0.4307,1.4888,1.3867,2.27354,0.004951,0.004951,0.004951,47.039999999999964,0.7839999999999994,0.6361628044740636
yolo11s,53,2509.67,1.03696,1.13711,1.49815,0.64351,0.69075,0.72507,0.44873,1.45364,1.26304,2.23213,0.004852,0.004852,0.004852,47.11999999999989,0.7853333333333316,0.666293724611395
yolo11s,54,2556.74,1.0237,1.09635,1.48447,0.64071,0.71854,0.73042,0.45116,1.45959,1.2575,2.27044,0.004753,0.004753,0.004753,47.06999999999971,0.7844999999999952,0.6773967458524922
yolo11s,55,2603.88,1.02656,1.12212,1.50257,0.69238,0.65751,0.73307,0.44392,1.50107,1.28448,2.28,0.004654,0.004654,0.004654,47.14000000000033,0.7856666666666722,0.6744946237100801
yolo11s,56,2650.92,1.02216,1.06816,1.49253,0.69978,0.66569,0.74622,0.45,1.52448,1.24433,2.3269,0.004555,0.004555,0.004555,47.039999999999964,0.7839999999999994,0.6823094585747032
yolo11s,57,2698.02,1.008,1.05981,1.47472,0.67939,0.66407,0.72043,0.44165,1.49773,1.29896,2.35355,0.004456,0.004456,0.004456,47.09999999999991,0.7849999999999985,0.6716426500230748
yolo11s,58,2745.15,1.00279,1.04804,1.47218,0.60853,0.68335,0.72277,0.44755,1.46271,1.3194,2.25559,0.004357,0.004357,0.004357,47.13000000000011,0.7855000000000019,0.6437733775582872
yolo11s,59,2792.11,1.00667,1.07069,1.47526,0.75848,0.64378,0.73424,0.44597,1.49648,1.27363,2.3025,0.004258,0.004258,0.004258,46.960000000000036,0.7826666666666673,0.6964389690927503
yolo11s,60,2839.29,0.97734,1.03172,1.45028,0.70806,0.63717,0.73495,0.45498,1.46855,1.3213,2.27628,0.004159,0.004159,0.004159,47.179999999999836,0.7863333333333306,0.6707471439084767
yolo11s,61,2886.35,0.98051,1.01565,1.45629,0.71154,0.67612,0.72936,0.44779,1.47104,1.23567,2.27042,0.00406,0.00406,0.00406,47.059999999999945,0.7843333333333324,0.6933779525243937
yolo11s,62,2933.42,0.9875,1.00432,1.46134,0.63884,0.67532,0.71102,0.44,1.47739,1.30545,2.29368,0.003961,0.003961,0.003961,47.070000000000164,0.7845000000000028,0.6565736726121629
yolo11s,63,2980.5,0.97086,1.01128,1.44999,0.68881,0.68962,0.75092,0.46514,1.50983,1.26711,2.33033,0.003862,0.003862,0.003862,47.07999999999993,0.7846666666666654,0.689214762011854
yolo11s,64,3027.62,0.96877,0.98412,1.4433,0.64065,0.70644,0.72852,0.44171,1.50966,1.2795,2.34564,0.003763,0.003763,0.003763,47.11999999999989,0.7853333333333316,0.6719384540008462
yolo11s,65,3074.74,0.96129,0.98067,1.43666,0.64908,0.69806,0.72714,0.43362,1.50842,1.28248,2.3102,0.003664,0.003664,0.003664,47.11999999999989,0.7853333333333316,0.6726795801475719
yolo11s,66,3121.85,0.94958,0.96542,1.42394,0.69816,0.67571,0.72895,0.43983,1.51426,1.28717,2.39265,0.003565,0.003565,0.003565,47.11000000000013,0.7851666666666688,0.6867515756221476
yolo11s,67,3168.96,0.93613,0.94944,1.42676,0.65122,0.68584,0.72279,0.43943,1.51141,1.28854,2.34041,0.003466,0.003466,0.003466,47.11000000000013,0.7851666666666688,0.6680817985729884
yolo11s,68,3216.07,0.93266,0.93463,1.41333,0.67416,0.67131,0.72047,0.44176,1.47411,1.29267,2.3271,0.003367,0.003367,0.003367,47.11000000000013,0.7851666666666688,0.6727319815380499
yolo11s,69,3263.14,0.92419,0.93674,1.41377,0.68731,0.68056,0.74912,0.45882,1.47149,1.22996,2.32569,0.003268,0.003268,0.003268,47.06999999999971,0.7844999999999952,0.6839183454568052
yolo11s,70,3310.22,0.93148,0.94277,1.41322,0.70766,0.67505,0.7285,0.44408,1.47567,1.33074,2.34732,0.003169,0.003169,0.003169,47.07999999999993,0.7846666666666654,0.6909704609064808
yolo11s,71,3357.4,0.9176,0.91596,1.40715,0.66663,0.68054,0.73008,0.442,1.50061,1.29183,2.35942,0.00307,0.00307,0.00307,47.18000000000029,0.7863333333333382,0.6735131871998338
yolo11s,72,3404.45,0.89862,0.88671,1.39722,0.67833,0.68353,0.75134,0.46329,1.48136,1.24881,2.36329,0.002971,0.002971,0.002971,47.04999999999973,0.7841666666666621,0.6809200724009808
yolo11s,73,3451.54,0.90688,0.88818,1.39625,0.68809,0.70211,0.73558,0.44853,1.51164,1.26777,2.40943,0.002872,0.002872,0.002872,47.090000000000146,0.7848333333333357,0.6950293049920875
yolo11s,74,3498.61,0.90206,0.87225,1.39492,0.63286,0.69636,0.72999,0.44834,1.50315,1.27293,2.42104,0.002773,0.002773,0.002773,47.070000000000164,0.7845000000000028,0.6630932270053114
yolo11s,75,3545.68,0.88112,0.86309,1.38186,0.6809,0.7077,0.72104,0.43914,1.50196,1.3022,2.42627,0.002674,0.002674,0.002674,47.06999999999971,0.7844999999999952,0.6940413798069999
yolo11s,76,3592.7,0.87633,0.84328,1.37719,0.71668,0.68932,0.73709,0.45166,1.50796,1.26912,2.39393,0.002575,0.002575,0.002575,47.01999999999998,0.7836666666666664,0.7027337945945945
yolo11s,77,3639.71,0.87893,0.85746,1.37232,0.69399,0.69834,0.74505,0.45963,1.49043,1.24573,2.41185,0.002476,0.002476,0.002476,47.01000000000022,0.7835000000000036,0.6961582047359463
yolo11s,78,3686.81,0.86265,0.85525,1.37237,0.73025,0.67513,0.73369,0.45007,1.50846,1.25566,2.44899,0.002377,0.002377,0.002377,47.09999999999991,0.7849999999999985,0.7016090772602427
yolo11s,79,3733.98,0.85072,0.83433,1.35278,0.7027,0.65265,0.74133,0.45557,1.49731,1.26925,2.44367,0.002278,0.002278,0.002278,47.17000000000007,0.7861666666666679,0.676750883535618
yolo11s,80,3781.06,0.84905,0.82035,1.35688,0.71766,0.64217,0.74272,0.45119,1.48189,1.27436,2.43601,0.002179,0.002179,0.002179,47.07999999999993,0.7846666666666654,0.6778196130398653
yolo11s,81,3828.18,0.84978,0.81618,1.35352,0.69377,0.66893,0.7233,0.43904,1.51292,1.27585,2.45326,0.00208,0.00208,0.00208,47.11999999999989,0.7853333333333316,0.6811236018199164
yolo11s,82,3875.27,0.83869,0.78936,1.35254,0.71318,0.67328,0.73654,0.44943,1.49544,1.25361,2.43008,0.001981,0.001981,0.001981,47.090000000000146,0.7848333333333357,0.6926558723655929
yolo11s,83,3922.34,0.84113,0.80739,1.34764,0.68276,0.69161,0.73477,0.44694,1.50784,1.27974,2.45008,0.001882,0.001882,0.001882,47.070000000000164,0.7845000000000028,0.6871565060354927
yolo11s,84,3969.51,0.83412,0.79877,1.34188,0.66569,0.71502,0.72853,0.43457,1.53688,1.25651,2.50283,0.001783,0.001783,0.001783,47.17000000000007,0.7861666666666679,0.6894737690029042
yolo11s,85,4016.6,0.82512,0.78524,1.33562,0.70621,0.68726,0.73595,0.44213,1.52375,1.26148,2.48242,0.001684,0.001684,0.001684,47.08999999999969,0.7848333333333282,0.6966061481050901
yolo11s,86,4063.65,0.82462,0.77962,1.33614,0.66907,0.69029,0.73769,0.44825,1.53124,1.26495,2.49946,0.001585,0.001585,0.001585,47.05000000000018,0.7841666666666697,0.6795143748528719
yolo11s,87,4110.71,0.79935,0.7642,1.32085,0.69447,0.69067,0.73964,0.44306,1.54611,1.26932,2.52189,0.001486,0.001486,0.001486,47.059999999999945,0.7843333333333324,0.6925647875305023
yolo11s,88,4157.75,0.80636,0.75152,1.31557,0.70552,0.70037,0.73772,0.44662,1.53633,1.27791,2.51769,0.001387,0.001387,0.001387,47.039999999999964,0.7839999999999994,0.7029355673630228
yolo11s,89,4204.85,0.78909,0.74436,1.307,0.69684,0.67799,0.73557,0.44232,1.54892,1.28596,2.56381,0.001288,0.001288,0.001288,47.100000000000364,0.785000000000006,0.6872857758413767
yolo11s,90,4251.9,0.79462,0.73933,1.30927,0.68407,0.67855,0.72985,0.43789,1.53656,1.2894,2.55543,0.001189,0.001189,0.001189,47.04999999999927,0.7841666666666546,0.681298819186567
yolo11s,91,4299.77,0.70427,0.55558,1.41096,0.71626,0.67248,0.72872,0.42967,1.54262,1.32342,2.5645,0.00109,0.00109,0.00109,47.8700000000008,0.7978333333333467,0.693679918199231
yolo11s,92,4346.62,0.67817,0.50326,1.38948,0.68317,0.68883,0.72316,0.44094,1.53602,1.31476,2.56022,0.000991,0.000991,0.000991,46.849999999999454,0.7808333333333243,0.6859883252186589
yolo11s,93,4393.29,0.66134,0.48075,1.36566,0.66257,0.69993,0.71974,0.4333,1.54125,1.30707,2.61203,0.000892,0.000892,0.000892,46.67000000000007,0.7778333333333346,0.6807377909724771
