food_code,food_name,scientific_name,food_group,region,energy_kcal,protein_g,fat_g,carbohydrate_g,fiber_g,calcium_mg,iron_mg,magnesium_mg,phosphorus_mg,potassium_mg,sodium_mg,zinc_mg,vitamin_a,vitamin_b6,vitamin_c_mg,vitamin_d,folate
A001,"Amaranth seed, black",Amaranthus cruentus,Cereals and Millets,1,356.12,14.59,5.74,59.98,7.02,0.181,0.00933,0.325,0.374,0.433,0.0027,0.00266,0.0,0.0005,0.0,5.867e-05,2.744e-05
A002,"Amaranth seed, pale brown",Amaranthus cruentus,Cereals and Millets,6,355.88,13.27,5.56,61.46,7.47,0.162,0.00802,0.27,0.412,0.413,0.00281,0.00252,0.0,0.00033,0.0,5.398e-05,2.465e-05
A003,Bajra,Pennisetum typhoideum,Cereals and Millets,6,347.99,10.96,5.43,61.78,11.49,0.02735,0.00642,0.124,0.289,0.365,0.00411,0.00276,2.823e-05,0.00027,0.0,5.65e-06,3.611e-05
A004,Barley,Hordeum vulgare,Cereals and Millets,6,315.73,10.94,1.3,61.29,15.64,0.02864,0.00156,0.04897,0.178,0.268,0.00756,0.0015,0.0,0.00031,0.0,0.0,3.158e-05
A005,Jowar,Sorghum vulgare,Cereals and Millets,6,334.13,9.97,1.73,67.68,10.22,0.0276,0.00395,0.133,0.274,0.328,0.00542,0.00196,8.29e-06,0.00028,0.0,3.96e-06,3.942e-05
A006,"Maize, dry",Zea mays,Cereals and Millets,6,334.13,8.8,3.77,64.77,12.24,0.00891,0.00249,0.145,0.279,0.291,0.00444,0.00227,0.000296,0.00034,0.0,3.36e-05,2.581e-05
A007,"Maize, tender, local",Zea mays,Cereals and Millets,6,119.98,3.57,1.4,22.69,3.67,0.00635,0.00071,0.04762,0.163,0.167,0.00224,0.00097,7.353e-05,0.00045,0.00426,4.234e-05,6.296e-05
A008,"Maize, tender, sweet",Zea mays,Cereals and Millets,4,96.8,4.16,1.35,16.42,3.3,0.00637,0.00054,0.03651,0.121,0.297,0.00223,0.00077,0.00010542,0.00038,0.00572,1.694e-05,5.971e-05
A009,Quinoa,Chenopodium quinoa,Cereals and Millets,1,328.39,13.11,5.5,53.65,14.66,0.198,0.00751,0.119,0.212,0.474,0.0045,0.00331,5.12e-06,0.00021,0.0,0.0,0.000173
A010,Ragi,Eleusine coracana,Cereals and Millets,5,320.75,7.16,1.92,66.82,11.18,0.364,0.00462,0.146,0.21,0.443,0.00475,0.00253,1.53e-06,5e-05,0.0,4.146e-05,3.466e-05
A011,Rice flakes,Oryza sativa,Cereals and Millets,6,353.73,7.44,1.14,76.75,3.46,0.00919,0.00446,0.07792,0.195,0.148,0.00258,0.00149,0.0,2e-05,0.0,0.0,8.46e-06
A012,Rice puffed,Oryza sativa,Cereals and Millets,6,361.85,7.47,1.62,77.68,2.56,0.01509,0.00455,0.06459,0.152,0.14,0.00369,0.00145,0.0,7e-05,0.0,0.0,0.0
A013,"Rice, raw, brown",Oryza sativa,Cereals and Millets,6,353.73,9.16,1.24,74.8,4.43,0.01093,0.00102,0.09391,0.267,0.199,0.00364,0.00168,0.0,0.00037,0.0,0.0,1.151e-05
A014,"Rice, parboiled, milled",Oryza sativa,Cereals and Millets,6,351.58,7.81,0.55,77.16,3.74,0.00811,0.00072,0.02672,0.14,0.142,0.00316,0.00108,0.0,0.00022,0.0,0.0,9.75e-06
A015,"Rice, raw, milled",Oryza sativa,Cereals and Millets,6,356.36,7.94,0.52,78.24,2.81,0.00749,0.00065,0.0193,0.096,0.108,0.00234,0.00121,0.0,0.00012,0.0,0.0,9.32e-06
A016,Samai,Panicum miliare,Cereals and Millets,6,346.32,10.13,3.89,65.55,7.72,0.01606,0.00126,0.09141,0.13,0.105,0.00477,0.00182,1.91e-06,4e-05,0.0,3.75e-06,3.62e-05
A017,Varagu,Setaria italica,Cereals and Millets,5,331.74,8.92,2.55,66.19,6.39,0.01527,0.00234,0.122,0.101,0.094,0.00335,0.00165,1.41e-06,7e-05,0.0,0.0,3.949e-05
A018,"Wheat flour, refined",Triticum aestivum,Cereals and Millets,6,351.82,10.36,0.76,74.27,2.76,0.0204,0.00177,0.03069,0.11,0.148,0.00154,0.00088,1.97e-06,8e-05,0.0,6.73e-06,1.625e-05
A019,"Wheat flour, atta",Triticum aestivum,Cereals and Millets,6,320.27,10.57,1.53,64.17,11.36,0.03094,0.0041,0.125,0.315,0.311,0.00204,0.00285,2.67e-06,0.00025,0.0,1.343e-05,2.922e-05
A020,"Wheat, whole",Triticum aestivum,Cereals and Millets,6,321.94,10.59,1.47,64.72,11.23,0.03936,0.00397,0.125,0.315,0.366,0.0025,0.00285,3.03e-06,0.00026,0.0,1.749e-05,3.009e-05
A021,"Wheat, bulgur",Triticum aestivum,Cereals and Millets,6,341.78,10.84,1.45,69.06,8.81,0.02709,0.00386,0.116,0.245,0.33,0.00209,0.00197,2.55e-06,0.00024,0.0,6.27e-06,2.63e-05
A022,"Wheat, semolina",Triticum aestivum,Cereals and Millets,6,333.65,11.38,0.74,68.43,9.72,0.02938,0.00298,0.03789,0.119,0.284,0.00231,0.00213,1.6e-06,0.00011,0.0,8.19e-06,2.568e-05
A023,"Wheat, vermicelli",Triticum aestivum,Cereals and Millets,6,332.7,9.7,0.45,70.39,9.28,0.01942,0.00202,0.03418,0.099,0.163,0.00271,0.00083,1.68e-06,3e-05,0.0,4.06e-06,1.435e-05
A024,"Wheat, vermicelli, roasted",Triticum aestivum,Cereals and Millets,6,340.11,10.37,0.49,71.42,9.55,0.02263,0.00209,0.03903,0.107,0.177,0.00343,0.00088,9.2e-07,3e-05,0.0,3.21e-06,1.321e-05
B001,"Bengal gram, dal",Cicer arietinum,Grain Legumes,6,329.11,21.55,5.31,46.72,15.15,0.04632,0.00608,0.118,0.325,0.957,0.02083,0.00365,0.000165,0.00019,0.0,1.75e-06,0.000182
B002,"Bengal gram, whole",Cicer arietinum,Grain Legumes,6,287.05,18.77,5.11,39.56,25.22,0.15,0.00678,0.16,0.267,0.935,0.02656,0.00337,0.000172,0.00036,0.0,1.93e-06,0.000233
B003,"Black gram, dal",Phaseolus mungo,Grain Legumes,6,324.09,23.06,1.69,51.0,11.93,0.05567,0.00467,0.173,0.375,1.157,0.01888,0.003,1.011e-05,0.00022,0.0,8.42e-06,8.875e-05
B004,"Black gram, whole",Phaseolus mungo,Grain Legumes,6,291.35,21.97,1.58,43.99,20.41,0.08618,0.00597,0.19,0.345,1.093,0.0268,0.00305,1.28e-05,0.00053,0.0,1.684e-05,0.000134
B005,"Cowpea, brown",Vigna catjang,Grain Legumes,6,320.27,20.36,1.15,54.62,11.54,0.08173,0.0059,0.213,0.372,1.241,0.01368,0.00341,7.08e-06,0.0003,0.0,9.2e-07,0.000231
B006,"Cowpea, white",Vigna catjang,Grain Legumes,1,320.27,21.25,1.14,53.77,11.7,0.0841,0.00504,0.213,0.378,1.243,0.01252,0.00357,8.21e-06,0.00026,0.0,9.3e-07,0.000249
B007,"Field bean, black",Phaseolus vulgaris,Grain Legumes,1,276.05,19.93,0.92,43.46,23.4,0.07816,0.0045,0.197,0.457,1.272,0.00135,0.00242,0.0,0.00035,0.0,4.35e-06,0.000291
B008,"Field bean, brown",Phaseolus vulgaris,Grain Legumes,1,282.98,19.9,0.98,45.24,22.4,0.0752,0.00499,0.173,0.429,1.245,0.00141,0.00244,0.0,0.00037,0.0,4.24e-06,0.000292
B009,"Field bean, white",Phaseolus vulgaris,Grain Legumes,5,280.35,19.84,0.94,44.53,22.99,0.07724,0.0055,0.19,0.448,1.36,0.0017,0.0028,0.0,0.00038,0.0,4.26e-06,0.000289
B010,"Green gram, dal",Phaseolus aureus,Grain Legumes,6,325.76,23.88,1.35,52.59,9.37,0.04313,0.00393,0.155,0.416,1.268,0.01014,0.00249,0.000122,0.00019,0.0,2.05e-06,9.211e-05
B011,"Green gram, whole",Phaseolus aureus,Grain Legumes,6,293.74,22.53,1.14,46.13,17.04,0.09243,0.00489,0.198,0.353,1.177,0.01248,0.00267,0.000137,0.00035,0.0,3.15e-06,0.000145
B012,"Horse gram, whole",Dolicus biflorus,Grain Legumes,6,329.59,21.73,0.62,57.24,7.88,0.269,0.00876,0.152,0.298,1.065,0.01214,0.00271,5.857e-05,0.00021,0.0,1.8e-06,0.000163
B013,Lentil dal,Lens culinaris,Grain Legumes,6,322.42,24.35,0.75,52.53,10.43,0.04432,0.00706,0.07469,0.31,0.786,0.01027,0.00361,6.34e-06,0.00018,0.0,1.31e-06,4.999e-05
B014,"Lentil whole, brown",Lens culinaris,Grain Legumes,6,299.0,22.49,0.64,48.47,16.82,0.07613,0.00757,0.101,0.274,0.756,0.0112,0.0036,1.029e-05,0.00046,0.0,1.452e-05,0.000132
B015,"Lentil whole, yellowish",Lens culinaris,Grain Legumes,2,297.8,22.87,0.61,47.91,16.66,0.07666,0.00791,0.08638,0.261,0.764,0.01087,0.00331,1.264e-05,0.00047,0.0,1.768e-05,0.000121
B016,Moth bean,Vigna aconitifolia,Grain Legumes,6,308.56,19.75,1.76,52.09,15.12,0.154,0.0079,0.205,0.362,1.356,0.02634,0.00192,3.57e-06,0.00016,0.0,9.77e-06,0.000349
B017,"Peas, dry",Pisum sativum,Grain Legumes,6,303.3,20.43,1.89,48.93,17.01,0.07511,0.00509,0.123,0.334,0.922,0.0234,0.0031,6.571e-05,0.00026,0.0,1.521e-05,0.00011
B018,"Rajmah, black",Phaseolus vulgaris,Grain Legumes,2,298.04,19.01,1.62,49.59,17.74,0.134,0.00617,0.16,0.386,1.362,0.0094,0.00308,1.95e-06,0.00023,0.0,2.798e-05,0.000332
B019,"Rajmah, brown",Phaseolus vulgaris,Grain Legumes,6,297.56,19.5,1.68,48.83,16.95,0.134,0.0063,0.164,0.396,1.366,0.01047,0.0026,2.16e-06,0.00021,0.0,2.582e-05,0.00033
B020,"Rajmah, red",Phaseolus vulgaris,Grain Legumes,3,299.24,19.91,1.77,48.61,16.57,0.126,0.00613,0.173,0.409,1.324,0.01045,0.00269,1.6e-06,0.00021,0.0,2.673e-05,0.000316
B021,"Red gram, dal",Cajanus cajan,Grain Legumes,6,330.78,21.7,1.56,55.23,9.06,0.07173,0.0039,0.119,0.328,1.395,0.01801,0.00263,0.000127,0.00024,0.0,2.12e-06,0.000108
B022,"Red gram, whole",Cajanus cajan,Grain Legumes,6,273.9,20.47,1.38,42.48,22.84,0.139,0.00537,0.155,0.312,1.303,0.01903,0.00299,0.000149,0.00042,0.0,2.78e-06,0.000229
B023,Ricebean,Vigna umbellata,Grain Legumes,1,302.34,19.97,0.74,51.26,13.37,0.2,0.00476,0.201,0.27,1.196,0.01062,0.00229,0.0,0.00013,0.00111,8.26e-06,0.000122
B024,"Soya bean, brown",Glycine max,Grain Legumes,6,381.45,35.58,19.82,12.79,21.55,0.239,0.00829,0.259,0.483,1.613,0.00207,0.00401,3.5e-06,0.00043,0.0,6.622e-05,0.000297
B025,"Soya bean, white",Glycine max,Grain Legumes,1,377.39,37.8,19.42,10.16,22.63,0.195,0.00822,0.189,0.494,1.634,0.00283,0.00347,2.82e-06,0.00045,0.0,6.981e-05,0.000288
C001,Agathi leaves,Sesbania grandiflora,Green Leafy Vegetables,1,70.51,8.01,1.35,5.21,8.6,0.901,0.00436,0.09664,0.05252,0.674,0.01812,0.00053,0.012582,0.00022,0.121,4.02e-06,0.00012
C002,"Amaranth leaves, green",Amaranthus gangeticus,Green Leafy Vegetables,6,30.59,3.29,0.65,2.28,4.41,0.33,0.00464,0.194,0.07322,0.572,0.01608,0.00086,0.008553,0.00021,0.08354,1.601e-05,7.033e-05
C003,"Amaranth leaves, red mix",Amaranthus gangeticus,Green Leafy Vegetables,1,33.46,3.93,0.63,2.37,4.91,0.245,0.00725,0.177,0.07598,0.564,0.01458,0.00137,0.008457,0.00022,0.0862,1.51e-05,8.195e-05
C004,"Amaranth leaves, red and green mix",Amaranthus gangeticus,Green Leafy Vegetables,4,31.55,3.09,0.53,2.87,4.6,0.269,0.00528,0.146,0.06823,0.597,0.01755,0.00103,0.008464,0.00019,0.07724,1.525e-05,6.908e-05
C005,"Amaranth spinosus, leaves, green mix",Amaranthus spinosus,Green Leafy Vegetables,4,26.29,3.54,0.36,1.61,5.1,0.359,0.00637,0.202,0.07246,0.569,0.01566,0.00157,0.001594,0.00022,0.08256,1.523e-05,4.144e-05
C006,"Amaranth spinosus, leaves, red and green mix",Amaranthus spinosus,Green Leafy Vegetables,2,23.66,2.8,0.34,1.45,5.57,0.372,0.00458,0.187,0.08502,0.588,0.01627,0.00111,0.001487,0.0002,0.0773,1.504e-05,4.423e-05
C007,Basella leaves,Basella alba,Green Leafy Vegetables,2,19.6,1.57,0.45,2.01,2.21,0.09389,0.0042,0.153,0.03726,0.337,0.01874,0.00039,0.002473,0.00018,0.06335,9.18e-06,9.031e-05
C008,Bathua leaves,Chenopodium album,Green Leafy Vegetables,2,27.72,2.5,0.44,2.56,4.01,0.211,0.00266,0.04841,0.03755,0.438,0.01075,0.00098,0.001075,0.00017,0.04103,1.01e-06,4.255e-05
C009,Beet greens,Beta vulgaris,Green Leafy Vegetables,6,34.66,2.38,0.75,3.86,3.64,0.151,0.0058,0.12,0.03602,0.53,0.111,0.00016,0.001703,0.00013,0.03583,1.65e-06,1.152e-05
C010,"Betel leaves, big (kolkata)",Piper betle,Green Leafy Vegetables,6,48.28,2.51,0.75,7.37,2.12,0.207,0.003,0.107,0.05173,0.649,0.0168,0.00047,0.004377,4e-05,0.0184,3.78e-06,1.596e-05
C011,"Betel leaves, small",Piper betle,Green Leafy Vegetables,4,43.74,2.62,0.75,6.16,1.97,0.196,0.00287,0.08994,0.05572,0.678,0.01404,0.00039,0.005103,4e-05,0.02451,2.27e-06,1.656e-05
C012,Brussels sprouts,Brassica oleracea var. gemmifera,Green Leafy Vegetables,1,44.22,4.26,0.5,5.09,4.29,0.05399,0.00154,0.03299,0.09856,0.639,0.01851,0.00057,0.00036,0.00019,0.08945,2.6e-07,8.501e-05
C013,"Cabbage, Chinese",Brassica rupa,Green Leafy Vegetables,1,17.93,1.58,0.13,2.36,2.01,0.05846,0.00039,0.01151,0.03305,0.258,0.02028,0.00019,5.5e-06,0.00019,0.01932,3.9e-07,5.451e-05
C014,"Cabbage, collard greens",Brassica oleracea var. viridis,Green Leafy Vegetables,1,30.11,3.63,0.27,2.79,2.98,0.17,0.00267,0.0459,0.05467,0.292,0.02298,0.00035,0.000104,0.00024,0.04076,1.8e-07,6.346e-05
C015,"Cabbage, green",Brassica oleracea var. capitata f. alba,Green Leafy Vegetables,6,21.51,1.36,0.12,3.25,2.76,0.05176,0.00035,0.01799,0.03015,0.233,0.01498,0.00016,2.048e-05,0.00013,0.03325,2.1e-07,4.636e-05
C016,"Cabbage, violet",Brassica oleracea var. capitata f. rubra,Green Leafy Vegetables,2,23.18,1.39,0.21,3.54,2.21,0.048,0.00024,0.02687,0.02214,0.201,0.024,0.00013,3.117e-05,0.00017,0.04349,1.9e-07,3.481e-05
C017,Cauliflower leaves,Brassica oleracea var. botrytis,Green Leafy Vegetables,6,35.37,3.9,0.42,3.39,3.43,0.0967,0.00242,0.0415,0.06282,0.374,0.02431,0.00031,0.000146,0.00023,0.05284,4.15e-06,4.299e-05
C018,"Colocasia leaves, green",Colocasia anti-quorum,Green Leafy Vegetables,6,43.5,3.42,1.38,3.69,5.6,0.216,0.00341,0.05944,0.05788,0.404,0.01208,0.00082,0.005758,0.00029,0.04071,1.7e-06,0.000159
C019,Drumstick leaves,Moringa oleifera,Green Leafy Vegetables,3,67.4,6.41,1.64,5.62,8.21,0.314,0.00456,0.09709,0.109,0.397,0.00934,0.00072,0.017542,0.00087,0.108,1.433e-05,4.289e-05
C020,Fenugreek leaves,Trigonella foenum graecum,Green Leafy Vegetables,5,34.42,3.68,0.83,2.17,4.9,0.274,0.00569,0.06367,0.05305,0.226,0.04701,0.00054,0.009245,0.00038,0.05825,2.36e-06,7.526e-05
C021,Garden cress,Lepidium sativum,Green Leafy Vegetables,2,49.71,5.62,0.8,4.48,2.6,0.217,0.00619,0.07924,0.04555,0.379,0.02535,0.00152,8.872e-05,0.0002,0.04275,5.5e-07,5.81e-05
C022,"Gogu leaves, green",Hibiscus cannabinus,Green Leafy Vegetables,4,36.33,1.86,1.09,4.06,4.59,0.145,0.00765,0.08309,0.04199,0.26,0.01234,0.00065,0.005285,0.00033,0.02965,4.28e-06,7.494e-05
C023,"Gogu leaves, red",Hibiscus cannabinus,Green Leafy Vegetables,1,36.57,1.85,1.07,4.24,3.89,0.129,0.00956,0.07575,0.03638,0.161,0.01408,0.00063,0.005143,0.00031,0.03543,4.27e-06,8.863e-05
C024,"Knol-Khol, leaves",Brassica oleracea var. gongylodes,Green Leafy Vegetables,2,42.54,3.12,0.35,6.16,2.76,0.368,0.00251,0.066,0.05502,0.309,0.0268,0.00042,1.204e-05,0.00028,0.07111,5.9e-07,4.155e-05
C025,Lettuce,Lactuca sativa,Green Leafy Vegetables,3,21.75,1.54,0.27,3.01,1.79,0.05671,0.00273,0.04322,0.0441,0.279,0.01753,0.00051,0.001285,8e-05,0.01191,1e-07,3.069e-05
C026,Mustard leaves,Brassica juncea,Green Leafy Vegetables,3,30.35,3.52,0.51,2.41,3.92,0.191,0.00284,0.05163,0.07162,0.403,0.01914,0.00068,0.002619,0.00016,0.06032,5.4e-06,0.00011
C027,Pak Choi leaves,Brassica rapa var. Chinensis,Green Leafy Vegetables,1,16.01,1.41,0.25,1.78,1.91,0.15,0.00378,0.04528,0.02595,0.25,0.03373,0.00016,0.00245,0.00096,0.0556,1e-07,9.85e-05
C028,Parsley,Petroselinum crispum,Green Leafy Vegetables,3,72.9,5.55,1.14,9.43,3.87,0.288,0.00551,0.04918,0.07856,0.466,0.05308,0.00129,0.00271,0.00019,0.133,5.55e-06,0.000197
C029,Ponnaganni,Alternanthera sessilis,Green Leafy Vegetables,2,50.91,5.29,0.71,5.17,6.74,0.388,0.00388,0.08039,0.05826,0.457,0.03936,0.00099,0.005288,0.00019,0.103,6.5e-07,4.842e-05
C030,"Pumpkin leaves, tender",Cucurbita maxima,Green Leafy Vegetables,6,44.22,4.21,0.74,4.75,2.25,0.271,0.00558,0.08421,0.06454,0.423,0.0122,0.0009,0.001455,0.00017,0.01233,3.19e-06,3.382e-05
C031,Radish leaves,Raphanus sativus,Green Leafy Vegetables,6,26.05,2.22,0.51,2.77,1.82,0.234,0.00382,0.05796,0.05008,0.304,0.01739,0.00049,0.002591,0.00016,0.06576,1.39e-06,5.314e-05
C032,Rumex leaves,Rumex patientia,Green Leafy Vegetables,2,19.6,1.62,0.33,2.33,1.27,0.131,0.00367,0.04833,0.0324,0.336,0.01995,0.00046,0.002754,9e-05,0.05376,1e-07,4.101e-05
C033,Spinach,Spinacia oleracea,Green Leafy Vegetables,6,24.38,2.14,0.64,2.05,2.38,0.08229,0.00295,0.08697,0.03259,0.625,0.04255,0.00046,0.002605,0.00015,0.03028,2.6e-07,0.000142
C034,"Tamarind leaves, tender",Tamarindus indica,Green Leafy Vegetables,3,71.46,5.84,0.49,10.04,10.7,0.06693,0.00284,0.0421,0.08686,0.465,0.01343,0.00093,0.000168,0.00014,0.02822,2.62e-06,9.182e-05
D001,Ash gourd,Benincasa hispida,Other Vegetables,6,17.45,0.79,0.14,2.84,3.37,0.01939,0.00047,0.01995,0.02907,0.372,0.00077,0.00013,0.0,0.00018,0.01141,1.35e-06,1.411e-05
D002,"Bamboo shoot, tender",Bambusa vulgaris,Other Vegetables,1,16.25,1.33,0.35,1.67,1.55,0.01,0.00033,0.00828,0.03963,0.422,0.00112,0.00037,0.0,0.00013,0.01574,4.1e-07,1.705e-05
D003,"Bean scarlet, tender",Phaseolus coccineus,Other Vegetables,5,42.78,2.86,0.99,5.16,4.5,0.04348,0.00073,0.04375,0.06213,0.164,0.00146,0.00057,3.552e-05,0.00031,0.00661,1.4e-06,4.526e-05
D004,"Bitter gourd, jagged, teeth ridges, elongate",Momordica charantia,Other Vegetables,6,20.79,1.44,0.24,2.82,3.78,0.02136,0.00115,0.03214,0.0449,0.326,0.01309,0.00031,0.000122,5e-05,0.04653,1.92e-06,6.028e-05
D005,"Bitter gourd, jagged, teeth ridges, short",Momordica charantia,Other Vegetables,4,18.88,1.34,0.24,2.53,3.49,0.01627,0.00108,0.03158,0.04021,0.282,0.01259,0.00036,0.000126,4e-05,0.05087,1.9e-06,5.145e-05
D006,"Bitter gourd, jagged, smooth ridges, elongate",Momordica charantia,Other Vegetables,1,19.36,1.61,0.26,2.29,3.72,0.01762,0.00128,0.03334,0.04475,0.356,0.01116,0.00043,0.00013,5e-05,0.0543,1.83e-06,6.003e-05
D007,"Bottle gourd, elongate, pale green",Lagenaria vulgaris,Other Vegetables,6,10.99,0.53,0.13,1.68,2.12,0.01542,0.00026,0.01093,0.01601,0.124,0.00146,0.00015,4.405e-05,2e-05,0.00433,7.4e-07,4.199e-05
D008,"Bottle gourd, round, pale green",Lagenaria vulgaris,Other Vegetables,5,13.62,0.42,0.12,2.53,2.1,0.01505,0.00028,0.01089,0.01699,0.116,0.00152,0.00015,4.713e-05,2e-05,0.00454,7e-07,4.959e-05
D009,"Bottle gourd, elongate, dark green",Lagenaria vulgaris,Other Vegetables,1,12.91,0.49,0.13,2.25,2.11,0.01664,0.00034,0.0129,0.02686,0.171,0.00135,0.00018,4.482e-05,1e-05,0.0038,6e-07,4.631e-05
D010,Brinjal-1,Solanum melongena,Other Vegetables,1,27.25,1.77,0.39,3.49,3.57,0.02217,0.00049,0.02675,0.03995,0.302,0.00315,0.00032,0.000126,5e-05,0.00158,8.5e-07,3.722e-05
D011,Brinjal-2,Solanum melongena,Other Vegetables,1,23.66,1.82,0.34,2.71,4.01,0.01713,0.00044,0.02956,0.04465,0.206,0.00392,0.00023,0.00013,5e-05,0.00103,1.01e-06,2.722e-05
D012,Brinjal-3,Solanum melongena,Other Vegetables,2,24.38,1.36,0.33,3.38,4.26,0.01458,0.00034,0.01862,0.02779,0.192,0.00312,0.0002,0.000138,7e-05,0.00234,1.19e-06,3.229e-05
D013,Brinjal-4,Solanum melongena,Other Vegetables,4,23.9,1.51,0.31,3.19,4.04,0.01339,0.00038,0.02065,0.03182,0.268,0.00331,0.00021,0.00014,7e-05,0.00222,1.05e-06,3.667e-05
D014,Brinjal-5,Solanum melongena,Other Vegetables,3,26.53,1.38,0.29,4.02,4.13,0.01703,0.00036,0.02536,0.03313,0.227,0.00403,0.0002,0.000123,8e-05,0.00315,1.61e-06,3.221e-05
D015,Brinjal-6,Solanum melongena,Other Vegetables,2,23.18,1.46,0.29,3.29,3.68,0.01717,0.00039,0.01882,0.03012,0.289,0.00375,0.0002,0.000129,7e-05,0.00149,1.14e-06,3.421e-05
D016,Brinjal-7,Solanum melongena,Other Vegetables,1,23.42,1.4,0.37,3.1,3.32,0.01995,0.00027,0.01526,0.02958,0.238,0.00345,0.00016,0.000155,7e-05,0.00108,8.4e-07,2.658e-05
D017,Brinjal-8,Solanum melongena,Other Vegetables,3,27.96,1.82,0.33,3.75,4.01,0.021,0.00042,0.02663,0.03584,0.284,0.00473,0.00024,0.000162,7e-05,0.00189,9.7e-07,3.389e-05
D018,Brinjal-9,Solanum melongena,Other Vegetables,2,25.33,1.47,0.35,3.52,4.0,0.01879,0.00038,0.02623,0.03571,0.224,0.00308,0.00023,0.000158,9e-05,0.00172,1.02e-06,3.589e-05
D019,Brinjal-10,Solanum melongena,Other Vegetables,2,27.72,1.68,0.25,4.08,3.9,0.01559,0.00041,0.02211,0.03736,0.252,0.00435,0.00023,0.000161,8e-05,0.0024,8.8e-07,3.711e-05
D020,Brinjal-11,Solanum melongena,Other Vegetables,6,25.1,1.43,0.31,3.53,4.12,0.01592,0.00037,0.02073,0.03328,0.26,0.00347,0.00022,0.000162,8e-05,0.00224,1.01e-06,3.424e-05
D021,Brinjal-12,Solanum melongena,Other Vegetables,2,22.23,1.6,0.27,2.73,3.89,0.01985,0.00037,0.01926,0.03781,0.259,0.00388,0.00025,0.000144,6e-05,0.00255,8.7e-07,2.783e-05
D022,Brinjal-13,Solanum melongena,Other Vegetables,1,29.64,1.49,0.31,4.51,3.92,0.01895,0.00032,0.018,0.02681,0.26,0.003,0.00019,0.000138,9e-05,0.00149,1.06e-06,3.099e-05
D023,Brinjal-14,Solanum melongena,Other Vegetables,3,25.33,1.56,0.35,3.27,3.87,0.01443,0.00032,0.01919,0.03007,0.246,0.00371,0.00019,0.000134,7e-05,0.00183,8.9e-07,3.899e-05
D024,Brinjal-15,Solanum melongena,Other Vegetables,4,27.25,1.58,0.29,3.96,3.99,0.01782,0.00036,0.02189,0.03032,0.215,0.00334,0.00022,0.000162,7e-05,0.00201,1.12e-06,3.248e-05
D025,Brinjal-16,Solanum melongena,Other Vegetables,1,24.62,1.26,0.34,3.46,3.74,0.01833,0.00032,0.01706,0.02986,0.294,0.00322,0.00019,0.000155,0.0001,0.00153,7.6e-07,3.087e-05
D026,Brinjal-17,Solanum melongena,Other Vegetables,1,21.75,1.18,0.36,2.89,3.94,0.02083,0.0005,0.02313,0.03594,0.233,0.00309,0.00025,0.000146,0.0001,0.00195,1.33e-06,2.77e-05
D027,Brinjal-18,Solanum melongena,Other Vegetables,3,27.72,1.47,0.33,4.1,4.38,0.01624,0.00038,0.01548,0.02803,0.208,0.00363,0.00018,0.00013,7e-05,0.00197,1.01e-06,3.827e-05
D028,Brinjal-19,Solanum melongena,Other Vegetables,3,23.9,1.26,0.31,3.39,3.97,0.0161,0.00032,0.01841,0.02976,0.243,0.00311,0.00019,0.000119,9e-05,0.00253,1.06e-06,3.432e-05
D029,Brinjal-20,Solanum melongena,Other Vegetables,5,23.66,1.44,0.34,3.15,3.73,0.01436,0.00033,0.01851,0.03121,0.239,0.00358,0.0002,0.000139,7e-05,0.00221,1.02e-06,3.344e-05
D030,Brinjal-21,Solanum melongena,Other Vegetables,2,27.01,1.36,0.35,3.93,3.85,0.01527,0.00034,0.0173,0.03498,0.252,0.00306,0.0002,0.000155,8e-05,0.00138,8.4e-07,3.26e-05
D031,Brinjal - all varieties,Solanum melongena,Other Vegetables,6,25.33,1.48,0.32,3.52,3.98,0.01659,0.00037,0.021,0.03256,0.247,0.00355,0.00021,0.000146,7e-05,0.00209,1.04e-06,3.393e-05
D032,Broad beans,Vicia faba,Other Vegetables,3,29.4,3.85,0.15,2.11,8.63,0.06437,0.00094,0.04018,0.06797,0.362,0.02074,0.00061,6.38e-06,0.00023,0.01098,1.158e-05,2.046e-05
D033,"Capsicum, green",Capsicum annuum,Other Vegetables,6,16.25,1.11,0.34,1.84,2.06,0.01475,0.00048,0.01184,0.023,0.154,0.00184,0.00015,0.000328,0.00015,0.123,7e-07,5.185e-05
D034,"Capsicum, red",Capsicum annuum,Other Vegetables,4,19.84,1.47,0.47,2.14,2.19,0.01576,0.00038,0.01957,0.03081,0.224,0.0017,0.00034,0.000246,0.00024,0.112,5.2e-07,6.254e-05
D035,"Capsicum, yellow",Capsicum annuum,Other Vegetables,4,18.64,1.35,0.41,1.95,2.19,0.01913,0.00069,0.01723,0.04333,0.242,0.00156,0.00026,0.000166,0.00025,0.127,8.9e-07,6.615e-05
D036,Cauliflower,Brassica oleracea,Other Vegetables,6,22.94,2.15,0.44,2.03,3.71,0.02516,0.00096,0.02308,0.04733,0.329,0.03072,0.00031,1.59e-06,0.00013,0.04714,1.32e-06,4.595e-05
D037,Celery stalk,Apium graveolens,Other Vegetables,3,16.49,0.98,0.24,2.33,2.09,0.03873,0.00136,0.01712,0.04484,0.298,0.01068,0.00018,0.000465,6e-05,0.0123,1.39e-06,2.248e-05
D038,Cho-cho-marrow,Sechium edule,Other Vegetables,4,18.88,0.66,0.15,3.47,1.55,0.01864,0.00048,0.01305,0.02161,0.12,0.00128,0.0001,1.57e-06,7e-05,0.02021,5.46e-06,6.303e-05
D039,Cluster beans,Cyamopsis tetragonobola,Other Vegetables,6,40.15,3.55,0.37,4.91,4.83,0.121,0.0039,0.08174,0.04528,0.301,0.00405,0.00061,0.000241,0.00012,0.01796,1.372e-05,4.124e-05
D040,"Colocasia, stem, black",Colocasia antiquorum,Other Vegetables,1,23.9,0.76,0.34,3.83,3.01,0.02946,0.00077,0.01107,0.02031,0.381,0.00045,0.00054,4.97e-06,6e-05,0.00515,2.1e-07,3.088e-05
D041,"Colocasia, stem, green",Colocasia antiquorum,Other Vegetables,5,19.36,0.91,0.22,2.86,2.33,0.04021,0.00055,0.01956,0.03073,0.414,0.0006,0.0002,2.3e-06,7e-05,0.00583,1.4e-07,2.532e-05
D042,"Corn, Baby",Zea mays,Other Vegetables,6,73.14,2.69,1.33,11.66,6.09,0.07651,0.00145,0.02547,0.00869,0.26,0.0014,0.00113,1.52e-06,0.00016,0.00859,3.12e-05,4.553e-05
D043,"Cucumber, green, elongate",Cucumis sativus,Other Vegetables,6,19.6,0.71,0.16,3.48,2.14,0.01639,0.00046,0.02038,0.02834,0.183,0.00633,0.00017,5.33e-06,6e-05,0.00611,1.26e-06,1.684e-05
D044,"Cucumber, green, short",Cucumis sativus,Other Vegetables,6,17.45,0.83,0.18,2.82,2.13,0.01925,0.00059,0.01848,0.02974,0.198,0.00611,0.00019,4.8e-06,7e-05,0.00621,1.36e-06,1.467e-05
D045,"Cucumber, orange, round",Cucumis sativus,Other Vegetables,2,19.6,0.98,0.24,3.01,2.46,0.02198,0.00045,0.02034,0.02317,0.185,0.00816,0.00016,5.55e-06,4e-05,0.00624,1.59e-06,1.877e-05
D046,Drumstick,Moringa oleifera,Other Vegetables,6,29.4,2.62,0.12,3.76,6.83,0.0333,0.00073,0.0381,0.05287,0.419,0.02238,0.00031,1.728e-05,0.00012,0.07186,1.67e-06,6.275e-05
D047,"Field beans, tender, broad",Vicia faba,Other Vegetables,2,30.83,3.06,0.64,2.75,5.64,0.07057,0.00195,0.05088,0.0733,0.345,0.01414,0.00064,0.00063848,0.00042,0.00599,7.14e-06,0.000123
D048,"Field beans, tender, lean",Vicia faba,Other Vegetables,6,33.46,3.71,0.6,2.85,6.19,0.05859,0.00148,0.04742,0.07654,0.314,0.01276,0.00063,0.00063032,0.00038,0.00384,7.2e-06,0.000127
D049,"French beans, country",Phaseolus vulgaris,Other Vegetables,5,24.38,2.49,0.26,2.68,4.38,0.05599,0.00125,0.04301,0.05986,0.324,0.00884,0.0005,0.00041657,0.00037,0.01581,1.82e-06,4.745e-05
D050,"French beans, hybrid",Phaseolus vulgaris,Other Vegetables,2,22.23,2.12,0.19,2.63,4.18,0.0499,0.00098,0.03498,0.0459,0.317,0.00918,0.00037,0.00039118,0.00044,0.00138,1.85e-06,6.198e-05
D051,"Jack fruit, raw",Artocarpus heterophyllus,Other Vegetables,5,26.29,1.98,0.35,3.48,7.69,0.04574,0.00031,0.0266,0.02778,0.327,0.00353,0.00017,0.0,4e-05,0.01751,6.84e-06,3.573e-05
D052,"Jack fruit, seed, mature",Artocarpus heterophyllus,Other Vegetables,5,76.96,5.79,0.44,11.81,8.63,0.03756,0.00037,0.03704,0.02933,0.376,0.004,0.00029,0.0,8e-05,0.00968,1.4e-06,5.458e-05
D053,Knol - Khol,Brassica oleracea,Other Vegetables,6,16.01,1.58,0.35,1.39,2.75,0.03526,0.00024,0.01905,0.04077,0.327,0.02746,0.00015,0.0,0.00019,0.0647,3.2e-07,1.476e-05
D054,"Kovai, big",Coccinia cordifolia,Other Vegetables,6,17.45,1.39,0.24,2.01,3.0,0.03439,0.00038,0.0196,0.0369,0.198,0.00153,0.00018,0.000134,8e-05,0.01762,6.25e-06,4.868e-05
D055,"Kovai, small",Coccinia cordifolia,Other Vegetables,1,19.12,1.22,0.24,2.41,3.25,0.03712,0.00029,0.01887,0.02629,0.167,0.0022,0.00013,0.000147,5e-05,0.02108,6.06e-06,5.013e-05
D056,Ladies finger,Abelmoschus esculentus,Other Vegetables,6,27.49,2.08,0.22,3.62,4.08,0.08612,0.00084,0.0661,0.05748,0.263,0.00737,0.00045,6.91e-05,0.00027,0.02251,7.46e-06,6.368e-05
D057,"Mango, green, raw",Mangifera indica,Other Vegetables,6,49.0,0.69,0.08,10.59,3.01,0.027,0.0004,0.01754,0.01492,0.147,0.03315,9e-05,8.431e-05,0.00013,0.09024,7.68e-06,2.586e-05
D058,"Onion, stalk",Allium cepa,Other Vegetables,6,25.57,2.07,0.26,2.99,5.21,0.03112,0.00309,0.06671,0.02853,0.312,0.01552,0.00099,0.0007,0.00017,0.02723,6.81e-06,5.761e-05
D059,"Papaya, raw",Carica papaya,Other Vegetables,6,23.9,0.5,0.23,4.4,2.28,0.02272,0.0002,0.01503,0.02411,0.173,0.00755,8e-05,0.0002408,3e-05,0.02073,7.8e-06,2.979e-05
D060,Parwar,Trichosanthes dioica,Other Vegetables,6,24.14,1.4,0.3,3.54,2.61,0.03076,0.0005,0.02459,0.03381,0.117,0.00229,0.00023,1.31e-05,0.0002,0.01924,6.9e-07,1.996e-05
D061,"Peas, fresh",Pisum sativum,Other Vegetables,6,81.26,7.25,0.13,11.88,6.32,0.02824,0.00158,0.04011,0.05595,0.249,0.00366,0.00109,0.000121,0.00019,0.0384,1.291e-05,5.477e-05
D062,"Plantain, flower",Musa x paradisiaca,Other Vegetables,6,21.27,1.47,0.63,2.15,5.25,0.03406,0.0004,0.03976,0.04731,0.488,0.00751,0.00042,3.536e-05,0.00013,0.00649,1.29e-06,4.927e-05
D063,"Plantain, green",Musa x paradisiaca,Other Vegetables,6,79.83,1.18,0.23,17.58,3.6,0.0138,0.00034,0.03564,0.03169,0.402,0.01857,0.00023,3.01e-06,0.0001,0.02328,2.7e-07,1.896e-05
D064,"Plantain, stem",Musa x paradisiaca,Other Vegetables,6,39.44,0.35,0.16,8.64,2.12,0.01124,0.00026,0.03282,0.01631,0.373,0.02317,0.00014,2.39e-06,0.00014,0.00377,3.2e-07,1.285e-05
D065,"Pumpkin, green, cylindrical",Cucurbita maxima,Other Vegetables,1,24.62,0.87,0.18,4.22,2.53,0.0241,0.00029,0.01327,0.02451,0.186,0.00521,0.00014,0.00042691,5e-05,0.00729,1.07e-06,3.16e-05
D066,"Pumpkin, orange, round",Cucurbita maxima,Other Vegetables,6,23.18,0.84,0.16,4.0,2.56,0.02306,0.00036,0.01043,0.02218,0.253,0.00881,0.00011,0.00023974,8e-05,0.00804,1.4e-06,2.414e-05
D067,"Red gram, tender, fresh",Cajanus cajan,Other Vegetables,1,124.28,8.09,0.92,19.46,5.9,0.05858,0.00118,0.05695,0.141,0.616,0.00254,0.0011,0.000165,0.0003,0.01513,2.896e-05,9.421e-05
D068,Ridge gourd,Luffa acutangula,Other Vegetables,6,13.15,0.91,0.14,1.72,1.81,0.0137,0.00042,0.01615,0.03306,0.118,0.00471,0.00022,0.000348,7e-05,0.00542,3.7e-07,2.926e-05
D069,"Ridge gourd, smooth skin",Luffa acutangula,Other Vegetables,3,15.3,0.98,0.13,2.24,1.85,0.01496,0.0005,0.01766,0.03925,0.125,0.00627,0.00026,0.000349,9e-05,0.0081,3.4e-07,2.736e-05
D070,"Snake gourd, long, pale green",Trichosanthes anguina,Other Vegetables,6,12.43,0.98,0.25,1.27,2.27,0.0246,0.00032,0.0187,0.02327,0.1,0.00707,0.00014,6.129e-05,0.0001,0.00272,2.67e-06,1.834e-05
D071,"Snake gourd, long, dark green",Trichosanthes anguina,Other Vegetables,2,11.95,0.89,0.25,1.23,2.27,0.02711,0.00047,0.0217,0.03103,0.104,0.00504,0.0002,6.164e-05,7e-05,0.00285,3.08e-06,1.652e-05
D072,"Snake gourd, short",Trichosanthes anguina,Other Vegetables,1,14.58,0.54,0.26,2.15,2.29,0.0179,0.0002,0.01507,0.02133,0.084,0.0025,0.00011,6.284e-05,6e-05,0.0023,3.12e-06,1.774e-05
D073,"Tinda, tender",Praecitrullus fistulosus,Other Vegetables,6,13.86,1.02,0.17,1.9,2.0,0.01968,0.00041,0.01896,0.03037,0.05618,0.02061,0.0002,7.96e-06,6e-05,0.0142,2.76e-06,4.323e-05
D074,"Tomato, green",Lycopersicon esculentum,Other Vegetables,6,20.79,1.12,0.27,3.18,1.62,0.00849,0.00042,0.01357,0.0225,0.225,0.01311,0.00016,3.813e-05,7e-05,0.01641,1.1e-06,1.251e-05
D075,"Tomato, ripe, hybrid",Lycopersicon esculentum,Other Vegetables,6,18.88,0.76,0.25,3.2,1.58,0.0089,0.00022,0.01186,0.01545,0.167,0.01186,0.00011,0.00152032,8e-05,0.02527,1.183e-05,1.541e-05
D076,"Tomato, ripe, local",Lycopersicon esculentum,Other Vegetables,6,19.6,0.9,0.47,2.71,1.77,0.01017,0.0003,0.01365,0.01877,0.204,0.00973,0.00012,0.00091437,9e-05,0.02747,1.224e-05,1.946e-05
D077,"Zucchini, green",Cucurbita pepo,Other Vegetables,2,20.08,1.1,0.51,2.33,2.3,0.01726,0.00052,0.01541,0.02138,0.178,0.0004,0.00029,8.579e-05,0.00025,0.01578,4e-07,1.885e-05
D078,"Zucchini, yellow",Cucurbita pepo,Other Vegetables,2,18.88,1.31,0.44,2.2,1.84,0.02098,0.00034,0.01082,0.03203,0.131,0.00039,0.00027,6.99e-05,0.0002,0.01671,3.8e-07,2.15e-05
E001,"Apple, big",Malus domestica,Fruits,6,62.38,0.29,0.64,13.11,2.59,0.01368,0.00026,0.00809,0.01044,0.116,0.00143,9e-05,2.41e-06,4e-05,0.00357,1.46e-06,3.04e-06
E002,"Apple, green",Malus domestica,Fruits,6,51.15,0.46,0.5,10.65,2.54,0.00653,0.0002,0.00542,0.00748,0.09455,0.00147,8e-05,2.2e-06,8e-05,0.0029,2.45e-06,3.43e-06
E003,"Apple, small",Malus domestica,Fruits,6,63.81,0.31,0.53,13.95,2.06,0.00539,0.00025,0.00548,0.00839,0.1,0.00145,5e-05,2.08e-06,3e-05,0.004,1.86e-06,3.52e-06
E004,"Apple, small, Kashmir",Malus sylvestris,Fruits,1,64.29,0.27,0.6,13.99,2.07,0.00472,0.00021,0.00519,0.01072,0.106,0.00122,8e-05,2.11e-06,4e-05,0.00424,2.04e-06,3.97e-06
E005,"Apricot, dried",Prunus armeniaca,Fruits,6,315.73,3.17,0.74,72.63,3.32,0.02857,0.0025,0.01404,0.07202,0.285,0.00394,0.00041,0.001806,0.0001,0.00042,3.98e-06,1.05e-05
E006,"Apricot, processed",Prunus armeniaca,Fruits,3,56.41,1.47,0.64,10.93,0.59,0.00542,0.00112,0.00429,0.02733,0.095,0.0016,0.00026,0.001372,0.00017,0.00798,4.31e-06,5.42e-06
E007,Avocado fruit,Persea americana,Fruits,1,144.36,2.95,13.86,1.75,6.69,0.02848,0.00081,0.04814,0.06314,0.377,0.00281,0.00075,1.2e-05,0.00018,0.00936,2.1e-06,6.717e-05
E008,Bael fruit,Aegle marmelos,Fruits,1,135.99,2.63,0.57,28.21,6.31,0.04795,0.00023,0.0341,0.03729,0.409,0.00156,0.00014,2.5e-06,3e-05,0.0075,1.6e-06,5.522e-05
E009,"Banana, ripe, montham",Musa x paradisiaca,Fruits,1,110.66,1.25,0.32,24.95,2.21,0.00677,0.0004,0.03022,0.02085,0.362,0.00125,0.00015,5.663e-05,0.00051,0.00806,2e-07,1.793e-05
E010,"Banana, ripe, poovam",Musa x paradisiaca,Fruits,2,106.36,1.49,0.35,23.41,2.33,0.00873,0.00035,0.04379,0.03363,0.335,0.001,0.00017,5.904e-05,0.0005,0.00674,2.4e-07,1.995e-05
E011,"Banana, ripe, red",Musa x paradisiaca,Fruits,1,111.62,1.29,0.29,25.21,1.98,0.00956,0.00024,0.03144,0.02327,0.313,0.00111,9e-05,5.364e-05,0.00045,0.00674,2.1e-07,1.892e-05
E012,"Banana, ripe, robusta",Musa x paradisiaca,Fruits,6,105.16,1.23,0.33,23.63,1.94,0.00507,0.00028,0.03498,0.02432,0.306,0.00085,0.00014,6.035e-05,0.00044,0.00476,2.2e-07,1.681e-05
E013,Black berry,Rubus fruticosus,Fruits,5,54.25,0.92,0.63,10.64,4.35,0.02381,0.00063,0.0309,0.02008,0.205,0.00121,0.00011,5.232e-05,5e-05,0.01945,1.465e-05,2.295e-05
E014,"Cherries, red",Prunus cerasus,Fruits,4,59.75,1.49,0.46,11.87,2.12,0.02388,0.00036,0.01437,0.02531,0.165,0.00164,0.00012,4.078e-05,4e-05,0.00882,4.3e-06,4.92e-06
E015,"Currants, black",Ribes nigrum,Fruits,1,54.25,1.51,0.53,9.93,4.07,0.04032,0.00136,0.01666,0.0788,0.283,0.00145,0.00021,6.248e-05,9e-05,0.182,3.01e-06,8.48e-06
E016,Custard apple,Annona squamosa,Fruits,1,98.95,1.62,0.67,20.38,5.1,0.0282,0.00042,0.03847,0.04081,0.278,0.00311,0.00022,0.0,7e-05,0.02151,1.8e-07,7.6e-06
E017,"Dates, dry, pale brown",Phoenix dactylifera,Fruits,6,320.27,2.45,0.35,74.91,8.95,0.0712,0.0032,0.07379,0.07302,0.804,0.00327,0.0007,0.0027,0.00014,0.00442,2.6e-06,1.865e-05
E018,"Dates, dry, dark brown",Phoenix dactylifera,Fruits,2,310.95,2.38,0.35,72.67,9.1,0.06613,0.00479,0.07523,0.07026,0.782,0.00309,0.00058,0.002705,0.000153,0.00384,6.8e-07,1.28e-05
E019,"Dates, processed",Phoenix dactylifera,Fruits,2,286.09,1.18,0.41,67.95,6.52,0.01573,0.00089,0.01434,0.03388,0.289,0.0016,0.00042,0.002781,6e-05,0.01551,8.3e-07,2.453e-05
E020,Fig,Ficus carica,Fruits,6,81.5,2.03,0.37,16.28,4.64,0.07852,0.00069,0.02618,0.02162,0.231,0.00237,0.00022,2.4e-06,0.00015,0.01692,1.47e-06,1.367e-05
E021,Goosberry,Emblica officinalis,Fruits,5,23.66,0.34,0.16,4.39,7.75,0.02014,0.00125,0.0065,0.02185,0.223,0.00137,5e-05,1.58e-06,0.00027,0.252,2.7e-07,7.86e-06
E022,"Grapes, seeded, round, black",Vitis vinifera,Fruits,4,60.71,0.76,0.32,13.23,1.35,0.01057,0.00022,0.00747,0.02104,0.171,0.00193,5e-05,2.936e-05,0.00011,0.0183,6.19e-06,8.69e-06
E023,"Grapes, seeded, round, green",Vitis vinifera,Fruits,5,56.17,0.77,0.29,12.19,1.25,0.01116,0.00024,0.00687,0.0195,0.166,0.00189,5e-05,3.077e-05,9e-05,0.0171,3.59e-06,8.35e-06
E024,"Grapes, seeded, round, red",Vitis vinifera,Fruits,5,58.32,0.95,0.29,12.55,1.28,0.01127,0.00033,0.00706,0.02791,0.188,0.00159,7e-05,1.994e-05,0.0001,0.02059,6.87e-06,7.49e-06
E025,"Grapes, seedless, oval, black",Vitis vinifera,Fruits,5,94.41,1.41,0.46,20.48,1.64,0.01526,0.00028,0.01129,0.02902,0.237,0.00183,0.0001,1.973e-05,0.00011,0.02732,6.42e-06,7.22e-06
E026,"Grapes, seedless, round, green",Vitis vinifera,Fruits,5,53.54,0.62,0.26,11.81,1.28,0.01422,0.00024,0.00843,0.02027,0.168,0.00181,5e-05,2.546e-05,8e-05,0.01647,3.54e-06,8.31e-06
E027,"Grapes, seedless, round, black",Vitis vinifera,Fruits,5,89.39,1.24,0.35,19.86,1.15,0.01875,0.00039,0.0108,0.02668,0.235,0.00192,9e-05,2.058e-05,8e-05,0.02279,6.23e-06,8.89e-06
E028,"Guava, white flesh",Psidium guajava,Fruits,5,32.27,1.44,0.32,5.13,8.59,0.01852,0.00032,0.01526,0.02354,0.283,0.00287,0.00023,0.000298,0.00011,0.214,1.68e-06,2.976e-05
E029,"Guava, pink flesh",Psidium guajava,Fruits,5,46.61,1.19,0.25,9.14,7.39,0.01422,0.0004,0.01326,0.02993,0.27,0.00189,0.00021,0.000267,0.00016,0.222,9.3e-07,3.217e-05
E030,"Jack fruit, ripe",Artocarpus heterophyllus,Fruits,5,72.18,2.74,0.15,14.01,3.62,0.03503,0.00036,0.03184,0.02302,0.279,0.00162,0.00017,2.353e-05,0.00022,0.00673,7.49e-06,3.215e-05
E031,"Jambu fruit, ripe",Syzygium cumini,Fruits,2,56.17,0.82,0.17,12.3,3.07,0.02536,0.00033,0.02797,0.0096,0.103,0.00264,6e-05,1.55e-06,3e-05,0.01647,8.2e-07,7.63e-06
E032,Karonda fruit,Carissa carandas,Fruits,1,33.7,1.15,1.67,2.87,7.25,0.01081,0.00087,0.02445,0.03262,0.351,0.00255,0.00025,1.564e-05,8e-05,0.135,1.43e-06,8.72e-06
E033,"Lemon, juice",Citrus limon,Fruits,6,36.57,0.41,0.75,0.0,0.0,0.02268,0.00012,0.0089,0.00986,0.113,0.00121,8e-05,2.62e-06,3e-05,0.04816,3.9e-07,1.243e-05
E034,"Lime, sweet, pulp",Citrus limetta,Fruits,6,27.25,0.76,0.2,5.18,2.07,0.02579,0.00011,0.0154,0.02055,0.182,0.00117,5e-05,2.54e-06,5e-05,0.04696,3e-07,1.538e-05
E035,Litchi,Nephelium litchi,Fruits,4,53.78,0.99,0.26,11.41,1.34,0.00577,0.00079,0.01458,0.02332,0.161,0.00054,0.00024,1.47e-06,7e-05,0.03382,3.3e-07,1.569e-05
E036,"Mango, ripe, banganapalli",Mangifera indica,Fruits,6,41.83,0.54,0.55,8.18,1.88,0.01577,0.00051,0.01335,0.01107,0.144,0.00134,0.00012,0.00117072,0.00012,0.03297,3.71e-06,8.205e-05
E037,"Mango, ripe, gulabkhas",Mangifera indica,Fruits,2,49.95,0.52,0.53,10.32,1.67,0.01933,0.00038,0.01153,0.01066,0.115,0.00139,6e-05,0.00067058,0.00013,0.02765,3.91e-06,8.435e-05
E038,"Mango, ripe, himsagar",Mangifera indica,Fruits,3,44.69,0.46,0.54,9.03,1.55,0.01554,0.00029,0.01207,0.01225,0.137,0.00131,0.00012,0.0011866,0.0001,0.04909,3.73e-06,9.098e-05
E039,"Mango, ripe, kesar",Mangifera indica,Fruits,4,55.21,0.54,0.57,11.36,2.02,0.01574,0.00043,0.01253,0.01236,0.143,0.00143,0.0001,0.00127096,0.0001,0.02908,3.68e-06,9.043e-05
E040,"Mango, ripe, neelam",Mangifera indica,Fruits,2,42.54,0.68,0.55,8.21,1.77,0.01136,0.00036,0.0101,0.01163,0.137,0.0012,7e-05,0.00129351,0.00012,0.02993,3.72e-06,6.87e-05
E041,"Mango, ripe, paheri",Mangifera indica,Fruits,2,44.93,0.68,0.58,8.67,1.97,0.01511,0.00051,0.01428,0.01518,0.153,0.00163,0.0002,0.00106349,0.00023,0.03075,3.62e-06,6.528e-05
E042,"Mango, ripe, totapari",Mangifera indica,Fruits,1,59.27,0.41,0.49,12.75,1.73,0.01334,0.00028,0.01255,0.00987,0.16,0.00132,8e-05,0.00060656,0.00012,0.02526,3.77e-06,7.769e-05
E043,Mangosteen,Garcinia mangostana,Fruits,1,52.34,0.63,0.24,11.41,1.87,0.00469,0.00028,0.012,0.00718,0.04693,0.00379,0.00021,1.8e-06,0.00018,0.02633,0.0,1.352e-05
E044,Manila tamarind,Pithecellobium dulce,Fruits,1,81.74,3.56,1.14,13.54,4.4,0.00851,0.00071,0.03298,0.07353,0.376,0.00135,0.00056,2.2e-06,4e-05,0.05578,0.0,4.24e-06
E045,"Musk melon, orange flesh",Cucumis melon,Fruits,5,23.18,0.42,0.35,4.24,1.51,0.0098,0.00018,0.01162,0.01728,0.206,0.01494,9e-05,0.000771,5e-05,0.02276,4.41e-06,2.231e-05
E046,"Musk melon, yellow flesh",Cucumis melon,Fruits,6,27.72,0.53,0.26,5.4,1.49,0.00902,0.00021,0.00981,0.01309,0.196,0.01578,9e-05,6.87e-06,6e-05,0.02132,2.33e-06,2.023e-05
E047,"Orange, pulp",Citrus aurantium,Fruits,6,37.28,0.7,0.13,7.92,1.29,0.01952,0.00081,0.01105,0.0129,0.164,0.00147,4e-05,8.172e-05,4e-05,0.04272,3.4e-07,1.946e-05
E048,"Palm fruit, tender",Borassus flabellifer,Fruits,1,24.14,0.5,0.12,4.92,2.4,0.0,0.0,0.0,0.0,0.158,0.00125,5e-05,0.0,7e-05,0.00025,0.0,2.44e-05
E049,"Papaya, ripe",Carcia papaya,Fruits,6,23.9,0.42,0.16,4.61,2.83,0.01502,0.00023,0.01097,0.01773,0.173,0.00668,8e-05,0.001342,4e-05,0.04309,1.147e-05,6.09e-05
E050,Peach,Prunus communis,Fruits,1,40.15,0.86,0.37,7.82,2.13,0.00698,0.00035,0.00806,0.01908,0.281,0.00115,0.0001,0.0,0.0001,0.00549,2.41e-06,6.34e-06
E051,Pear,Prunus persica,Fruits,6,37.52,0.36,0.27,8.09,4.48,0.00655,0.00028,0.00761,0.00674,0.106,0.00164,7e-05,1.46e-05,9e-05,0.00331,1.48e-06,5.28e-06
E052,Phalsa,Grewia asiatica,Fruits,2,71.46,1.66,0.14,15.09,4.54,0.153,0.00201,0.07692,0.02365,0.362,0.00199,0.00048,7.39e-06,3e-05,0.00511,1.34e-06,2.256e-05
E053,Pineapple,Ananas comosus,Fruits,6,43.02,0.52,0.16,9.42,3.46,0.01088,0.00028,0.01268,0.01356,0.143,0.00143,0.0001,3.121e-05,0.00013,0.03637,2.1e-07,1.821e-05
E054,Plum,Prunus domestica,Fruits,3,56.88,0.64,0.4,12.1,2.07,0.00761,0.00025,0.00779,0.01383,0.162,0.00155,0.0001,1.32e-06,5e-05,0.00226,3.32e-06,1.429e-05
E055,"Pomegranate, maroon seeds",Punica granatum,Fruits,6,54.73,1.33,0.15,11.58,2.83,0.01065,0.00031,0.01107,0.0272,0.206,0.00213,0.00018,2.05e-06,0.00029,0.01269,0.000109,3.864e-05
E056,Pummelo,Citrus maxima,Fruits,3,50.19,0.68,0.42,10.64,0.8,0.01403,6e-05,0.00683,0.01399,0.189,0.00106,6e-05,1.198e-05,4e-05,0.04889,9.8e-07,1.344e-05
E057,"Raisins, dried, black",Vitis vinifera,Fruits,6,305.69,2.57,0.34,71.29,3.92,0.07324,0.00681,0.03376,0.07762,1.105,0.01099,0.00022,3.71e-06,0.00017,0.00205,1.76e-06,3.83e-05
E058,"Raisins, dried, golden",Vitis vinifera,Fruits,6,296.61,2.76,0.35,68.79,4.56,0.05183,0.00426,0.02832,0.0933,0.913,0.01016,0.00025,2.53e-06,0.00017,0.00185,1.187e-05,3.468e-05
E059,Rambutan,Nephelium lappaceum,Fruits,1,73.14,0.68,0.16,16.84,1.02,0.00867,0.00037,0.02138,0.00698,0.131,0.00175,0.00053,2.9e-06,4e-05,0.065,2.4e-06,7.35e-06
E060,Sapota,Achras sapota,Fruits,6,73.37,0.92,1.26,13.9,9.6,0.01787,0.00049,0.01619,0.02226,0.28,0.00461,0.00018,8.07e-05,0.00012,0.02096,6.5e-07,1.083e-05
E061,Soursop,Annona muricata,Fruits,1,62.14,0.74,0.94,11.94,4.95,0.01005,0.00029,0.0177,0.02583,0.264,0.00678,0.00012,2.2e-06,3e-05,0.05954,3.24e-06,6.09e-06
E062,Star fruit,Averrhoa carambola,Fruits,1,26.29,0.79,0.39,4.51,2.81,0.00497,0.00045,0.01153,0.01167,0.159,0.00156,0.00024,1.4e-06,6e-05,0.03355,9.6e-07,8.43e-06
E063,Strawberry,Fragaria ananassa,Fruits,6,24.62,0.97,0.56,3.4,2.5,0.01528,0.00036,0.01553,0.02631,0.14,0.00119,0.00014,2.19e-06,9e-05,0.0502,3.95e-06,8.91e-06
E064,"Tamarind, pulp",Tamarindus indicus,Fruits,6,288.48,2.92,0.15,67.35,5.31,0.149,0.00916,0.08273,0.113,0.836,0.02492,0.00058,1.54e-06,8e-05,0.00362,2.565e-05,9.79e-06
E065,"Water melon, dark green (sugar baby)",Citrullus vulgaris,Fruits,6,20.32,0.6,0.16,3.86,0.7,0.00529,0.00022,0.00991,0.01133,0.124,0.00189,0.0001,0.000605,0.0001,0.01326,5.6e-07,5.88e-06
E066,"Water melon, pale green",Citrullus vulgaris,Fruits,6,16.73,0.59,0.16,3.02,0.78,0.00435,0.00016,0.00742,0.00809,0.126,0.00162,7e-05,0.000576,7e-05,0.01145,5.6e-07,5.55e-06
E067,Wood Apple,Limonia acidissima,Fruits,3,78.15,3.14,3.62,7.52,5.21,0.05571,0.00045,0.0237,0.08432,0.347,0.00148,0.00031,3.81e-06,0.00017,0.02217,2.871e-05,6.51e-06
E068,Zizyphus,Zizyphus jujube,Fruits,1,48.76,1.34,0.35,9.4,3.73,0.04655,0.0004,0.01672,0.03238,0.237,0.00152,0.0001,1.5e-06,0.00011,0.06093,1.67e-05,5.99e-06
F001,Beet root,Beta vulgaris,Roots and Tubers,6,35.61,1.95,0.14,6.18,3.31,0.01728,0.00076,0.03321,0.03633,0.306,0.06944,0.0003,1.014e-05,7e-05,0.00526,1.8e-07,9.737e-05
F002,"Carrot, orange",Dacus carota,Roots and Tubers,6,33.22,0.95,0.47,5.55,4.18,0.03509,0.0006,0.01673,0.04306,0.273,0.05233,0.00025,0.008077,0.00011,0.00622,1.36e-06,2.404e-05
F003,"Carrot, red",Dacus carota,Roots and Tubers,4,38.24,1.04,0.47,6.71,4.49,0.04106,0.00071,0.01883,0.02581,0.267,0.06069,0.00034,0.003834,7e-05,0.00676,1.39e-06,2.367e-05
F004,Colocasia,Colocasia antiquorum,Roots and Tubers,6,88.91,3.31,0.17,17.85,3.22,0.03018,0.00066,0.03693,0.08116,0.514,0.00454,0.00041,6.5e-06,0.00017,0.00183,2.7e-07,1.991e-05
F005,Lotus root,Nelumbium nelumbo,Roots and Tubers,3,79.35,1.94,0.93,14.67,4.7,0.03771,0.00334,0.02658,0.0743,0.611,0.02063,0.00035,0.0,0.00019,0.02663,2.7e-07,2.649e-05
F006,"Potato, brown skin, big",Solanum tuberosum,Roots and Tubers,6,69.79,1.54,0.23,14.89,1.71,0.00952,0.00057,0.02407,0.04342,0.541,0.00411,0.00028,0.0,0.0001,0.02315,1.9e-07,1.551e-05
F007,"Potato, brown skin, small",Solanum tuberosum,Roots and Tubers,1,60.95,1.35,0.22,12.9,1.69,0.00853,0.00053,0.02234,0.0379,0.474,0.00397,0.00038,0.0,0.00012,0.02641,2.2e-07,1.385e-05
F008,"Potato, red skin",Solanum tuberosum,Roots and Tubers,1,73.14,1.83,0.22,15.43,1.68,0.00862,0.00066,0.02554,0.03039,0.501,0.00436,0.00034,0.0,0.0001,0.02504,2e-07,1.783e-05
F009,"Radish, elongate, red skin",Raphanus sativus,Roots and Tubers,3,32.03,0.67,0.13,6.71,2.46,0.02844,0.00037,0.01334,0.02751,0.255,0.02473,0.00016,1.62e-06,7e-05,0.01763,4e-08,2.465e-05
F010,"Radish, elongate, white skin",Raphanus sativus,Roots and Tubers,6,32.27,0.77,0.15,6.56,2.65,0.0302,0.00036,0.01607,0.0301,0.288,0.0282,0.00022,0.0,7e-05,0.01991,5e-08,2.975e-05
F011,"Radish, round, red skin",Raphanus sativus,Roots and Tubers,1,31.07,0.89,0.16,6.07,2.29,0.03576,0.00042,0.02225,0.02827,0.308,0.03227,0.00018,1.2e-06,7e-05,0.01569,5e-08,2.459e-05
F012,"Radish, round, white skin",Raphanus sativus,Roots and Tubers,2,30.83,0.8,0.14,6.13,2.37,0.03423,0.00041,0.01546,0.02947,0.287,0.02414,0.00017,0.0,7e-05,0.014,4e-08,2.26e-05
F013,"Sweet potato, brown skin",Ipomoes batatas,Roots and Tubers,4,108.99,1.33,0.26,24.25,3.99,0.0275,0.00035,0.01737,0.04296,0.345,0.0296,0.00016,0.005376,0.00012,0.01794,1.26e-06,1.562e-05
F014,"Sweet potato, pink skin",Ipomoes batatas,Roots and Tubers,3,108.03,1.27,0.33,23.93,3.94,0.02893,0.00051,0.02105,0.0376,0.329,0.02904,0.00014,1.112e-05,9e-05,0.0222,1.64e-06,1.444e-05
F015,Tapioca,Manihot esculenta,Roots and Tubers,3,79.83,1.03,0.2,17.81,4.61,0.02589,0.00081,0.02308,0.04255,0.255,0.01086,0.00017,0.0,9e-05,0.01551,1.3e-07,2.564e-05
F016,Water Chestnut,Eleocharis dulcis,Roots and Tubers,1,95.6,0.86,0.37,21.46,3.02,0.03715,0.00077,0.05743,0.06283,0.382,0.01308,0.00067,0.0,0.00013,0.00526,1.2e-06,9.8e-06
F017,"Yam, elephant",Amorphophallus campanulatus,Roots and Tubers,6,84.37,2.56,0.14,17.46,4.17,0.04691,0.00122,0.03351,0.04306,0.501,0.01433,0.00026,0.00020832,0.00022,0.01522,1.3e-06,2.054e-05
F018,"Yam, ordinary",Amorphophallus campanulatus,Roots and Tubers,4,83.41,2.18,0.17,17.65,4.08,0.01619,0.00077,0.0304,0.04946,0.463,0.01528,0.00033,0.000158,0.00017,0.01388,2.3e-07,1.568e-05
F019,"Yam, wild",Dioscorea versicolor,Roots and Tubers,2,102.77,3.07,0.3,20.95,4.57,0.04413,0.00104,0.03175,0.05594,0.654,0.0128,0.00031,0.00023895,0.0002,0.01406,1.18e-06,2.101e-05
G001,"Chillies, green-1",Capsicum annum,Condiments and Spices,5,45.65,2.62,0.73,6.32,4.86,0.0241,0.00146,0.03472,0.06216,0.431,0.00332,0.00031,3.169e-05,0.00045,0.0795,3.14e-06,2.531e-05
G002,"Chillies, green-2",Capsicum annum,Condiments and Spices,3,39.91,2.28,0.75,5.27,5.13,0.01686,0.00124,0.02754,0.05172,0.321,0.00247,0.00026,0.000232,0.00029,0.09097,3.49e-06,2.593e-05
G003,"Chillies, green-3",Capsicum annum,Condiments and Spices,5,40.39,2.38,0.75,5.23,5.1,0.01804,0.00125,0.0299,0.05024,0.317,0.00256,0.00027,0.000158,0.00024,0.09363,3.17e-06,2.045e-05
G004,"Chillies, green-4",Capsicum annum,Condiments and Spices,3,45.41,2.33,0.74,6.63,4.15,0.01587,0.00108,0.02974,0.04279,0.318,0.00194,0.00028,6.784e-05,0.00018,0.102,2.87e-06,1.592e-05
G005,"Chillies, green-5",Capsicum annum,Condiments and Spices,2,43.02,2.01,0.65,6.64,3.95,0.01531,0.00093,0.02396,0.04435,0.317,0.00219,0.00031,4.541e-05,0.0002,0.09777,3.26e-06,1.775e-05
G006,"Chillies, green-6",Capsicum annum,Condiments and Spices,1,41.83,3.01,0.64,5.31,5.15,0.02482,0.00075,0.0348,0.05605,0.34,0.00243,0.00029,0.000508,0.00029,0.108,2.19e-06,1.887e-05
G007,"Chillies, green-7",Capsicum annum,Condiments and Spices,1,38.96,2.12,0.6,5.61,4.95,0.01685,0.00123,0.02671,0.04558,0.319,0.002,0.00017,4.4e-05,0.00022,0.112,2.43e-06,1.939e-05
G008,"Chillies, green - all varieties",Capsicum annum,Condiments and Spices,6,42.3,2.36,0.72,5.86,4.77,0.01845,0.0012,0.02951,0.05091,0.341,0.0025,0.00027,0.000125,0.00028,0.09407,3.11e-06,2.15e-05
G009,Coriander leaves,Coriandrum sativum,Condiments and Spices,6,31.07,3.52,0.7,1.93,4.66,0.146,0.0053,0.07268,0.06469,0.546,0.037,0.00068,0.003808,0.00019,0.02387,3.55e-06,5.101e-05
G010,Curry leaves,Murraya koenigii,Condiments and Spices,6,63.58,7.41,1.06,4.51,16.83,0.659,0.00867,0.182,0.08329,0.584,0.01866,0.00118,0.007807,0.00057,0.00604,0.000117,0.000117
G011,"Garlic, big clove",Allium sativum,Condiments and Spices,6,123.8,6.92,0.16,21.93,5.22,0.02008,0.00105,0.02708,0.119,0.43,0.00942,0.00089,0.0,0.00056,0.01262,1.88e-06,8.577e-05
G012,"Garlic, small clove",Allium sativum,Condiments and Spices,3,122.85,6.75,0.14,21.84,5.47,0.01763,0.00088,0.02578,0.116,0.453,0.01056,0.00081,0.0,0.00077,0.01357,1.97e-06,7.882e-05
G013,"Garlic, single clove, Kashmir",Allium sativum,Condiments and Spices,1,125.0,6.12,0.16,23.46,4.01,0.019,0.00101,0.04113,0.128,0.584,0.00887,0.00066,0.0,0.00097,0.01538,2.89e-06,9.225e-05
G014,"Ginger, fresh",Zinziber officinale,Condiments and Spices,6,54.97,2.22,0.85,8.97,5.36,0.01888,0.0019,0.05466,0.04436,0.407,0.01003,0.00039,8.885e-05,0.0002,0.00543,4.09e-06,1.082e-05
G015,Mango ginger,Curcuma amada,Condiments and Spices,3,42.3,1.45,0.7,6.98,4.74,0.01374,0.00231,0.03686,0.06833,0.384,0.00551,0.00047,7.662e-05,0.00018,0.00162,3.1e-06,2.262e-05
G016,Mint leaves,Mentha spicata,Condiments and Spices,4,37.05,4.66,0.65,2.39,5.89,0.205,0.00856,0.11,0.06525,0.539,0.01687,0.00075,0.004602,0.00017,0.01716,3.37e-06,0.000106
G017,"Onion, big",Allium cepa,Condiments and Spices,6,48.04,1.5,0.24,9.56,2.45,0.02103,0.00043,0.01796,0.03234,0.171,0.0055,0.00035,1.08e-06,0.0001,0.00669,7.3e-07,2.888e-05
G018,"Onion, small",Allium cepa,Condiments and Spices,5,56.64,1.82,0.16,11.58,1.16,0.01992,0.00053,0.01516,0.03965,0.16,0.00406,0.00024,1.1e-06,0.00012,0.01096,1.2e-07,2.968e-05
G019,Asafoetida,Ferula assa-foetida,Condiments and Spices,6,331.5,6.34,1.26,71.95,5.13,0.266,0.01568,0.0964,0.06909,0.245,0.01604,0.00098,6.42e-06,2e-05,0.0,1.259e-05,2.628e-05
G020,"Cardamom, green",Elettaria cardamomum,Condiments and Spices,6,255.02,8.1,2.6,47.76,23.1,0.378,0.00833,0.33,0.132,1.262,0.01551,0.00371,2.191e-05,0.00015,0.0,4.372e-05,2.85e-06
G021,"Cardamom, black",Elettaria cardamomum,Condiments and Spices,4,270.55,6.69,2.8,52.53,23.46,0.312,0.00794,0.286,0.117,1.331,0.01625,0.00475,7.748e-05,0.0002,0.0,4.355e-05,4.96e-06
G022,"Chillies, red",Capsicum annum,Condiments and Spices,6,236.62,12.69,6.4,29.46,31.15,0.09983,0.00623,0.231,0.28,2.245,0.01945,0.00166,0.003141,0.00042,0.0,2.436e-05,5.15e-05
G023,Cloves,Syzygium aromaticum,Condiments and Spices,6,186.66,5.86,8.41,18.73,34.52,0.567,0.00941,0.334,0.0831,1.434,0.183,0.00113,8.206e-05,3e-05,0.0,4.507e-05,3.281e-05
G024,Coriander seeds,Coriandrum sativum,Condiments and Spices,6,268.88,10.66,17.47,12.98,44.81,0.718,0.01764,0.343,0.293,1.473,0.03441,0.00391,0.000122,4e-05,0.0,1.31e-06,2.207e-05
G025,Cumin seeds,Cuminum cyminum,Condiments and Spices,6,304.49,13.91,16.64,22.62,30.35,0.878,0.02058,0.442,0.382,1.886,0.125,0.00429,8.919e-05,0.00039,0.0,1.21e-05,2.779e-05
G026,Fenugreek seeds,Trigonella foenum graecum,Condiments and Spices,6,234.94,25.41,5.72,10.57,47.55,0.135,0.00847,0.167,0.435,0.891,0.0402,0.0038,0.000142,0.00077,0.0,1.98e-06,5.111e-05
G027,Mace,Myristica fragrans,Condiments and Spices,6,355.64,6.24,24.41,26.51,20.31,0.174,0.02269,0.207,0.11,0.623,0.02717,0.00116,0.002322,0.0003,0.0,4.492e-05,3.265e-05
G028,Nutmeg,Myristica fragrans,Condiments and Spices,6,463.67,6.3,36.52,27.64,11.99,0.148,0.00233,0.212,0.207,0.474,0.01431,0.00145,1.537e-05,0.0001,0.0,4.667e-05,7.478e-05
G029,Omum,Trachyspermum ammi,Condiments and Spices,6,357.31,15.89,21.11,24.53,20.58,1.034,0.01365,0.273,0.329,1.692,0.02858,0.00567,0.00079737,0.00024,0.0,2.62e-06,5.179e-05
G030,Pippali,Piper longum,Condiments and Spices,6,216.54,10.53,2.27,35.7,34.14,0.414,0.00799,0.189,0.181,1.852,0.01628,0.00152,0.000933,0.0006,0.0,0.000118,6.645e-05
G031,"Pepper, black",Piper nigrum,Condiments and Spices,6,217.5,10.12,2.74,36.22,33.16,0.405,0.01191,0.196,0.144,1.487,0.02408,0.00124,0.001089,0.00027,0.0,2.568e-05,2.189e-05
G032,Poppy seeds,Papaver somniferum,Condiments and Spices,6,422.56,20.31,30.38,12.37,26.68,1.372,0.01013,0.393,0.804,0.646,0.02535,0.00638,3.51e-06,0.00042,0.0,3.392e-05,7.873e-05
G033,Turmeric powder,Curcuma domestica,Condiments and Spices,6,280.59,7.66,5.03,49.22,21.38,0.122,0.04608,0.26,0.276,2.374,0.02441,0.00264,5.52e-05,0.00013,0.0,1.867e-05,1.386e-05
H001,Almond,Prunus amygdalus,Nuts and Oil Seeds,6,609.23,18.41,58.49,3.04,13.06,0.228,0.00459,0.318,0.446,0.699,0.0015,0.0035,0.0,9e-05,0.00074,1.61e-06,3.646e-05
H002,"Arecanut, dried, brown",Areca catechu,Nuts and Oil Seeds,6,350.62,5.78,4.35,70.42,11.44,0.061,0.00274,0.07639,0.105,0.524,0.01206,0.00089,0.0,0.00032,0.0,1.277e-05,7.54e-06
H003,"Arecanut, dried, red color",Areca catechu,Nuts and Oil Seeds,3,353.01,6.46,4.46,70.27,11.11,0.051,0.00326,0.09101,0.127,0.617,0.01713,0.00102,0.0,0.00021,0.0,1.26e-05,8.57e-06
H004,"Arecanut, fresh",Areca catechu,Nuts and Oil Seeds,2,244.74,2.73,5.51,45.0,7.63,0.03403,0.00104,0.0476,0.09048,0.329,0.00553,0.00056,0.0,0.00025,0.0,1.103e-05,2.651e-05
H005,Cashew nut,Anacardium occidentale,Nuts and Oil Seeds,6,582.7,18.78,45.2,25.46,3.86,0.034,0.00595,0.307,0.5,0.635,0.009,0.00534,0.0,0.00016,0.0,3.85e-06,2.52e-05
H006,"Coconut, kernal, dry",Cocos nucifera,Nuts and Oil Seeds,6,624.04,7.27,63.26,8.01,15.88,0.032,0.00313,0.09721,0.203,0.739,0.01668,0.00141,0.0,0.00015,0.0,0.0,2.427e-05
H007,"Coconut, kernel, fresh",Cocos nucifera,Nuts and Oil Seeds,6,408.94,3.84,41.38,6.3,10.42,0.008,0.0013,0.035,0.06773,0.246,0.00812,0.00058,2.66e-06,0.0001,0.0008,0.0,2.541e-05
H008,"Garden cress, seeds",Lepidium sativum,Nuts and Oil Seeds,5,445.27,23.36,23.74,33.66,8.27,0.318,0.0172,0.307,0.539,0.952,0.02184,0.00483,0.0,5e-05,0.0,1.92e-06,3.092e-05
H009,"Gingelly seeds, black",Sesamum indicum,Nuts and Oil Seeds,6,507.65,19.17,43.1,10.29,17.16,1.664,0.0139,0.39,0.568,0.48,0.01591,0.00859,1.309e-05,0.00064,0.0,6.783e-05,0.000127
H010,"Gingelly seeds, brown",Sesamum indicum,Nuts and Oil Seeds,4,516.49,21.61,43.22,9.76,17.21,1.174,0.01495,0.328,0.613,0.491,0.01194,0.00784,5.41e-06,0.00049,0.0,7.651e-05,9.263e-05
H011,"Gingelly seeds, white",Sesamum indicum,Nuts and Oil Seeds,5,519.6,21.7,43.05,10.83,16.99,1.283,0.01504,0.372,0.754,0.46,0.01543,0.00777,1.294e-05,0.00062,0.0,6.274e-05,0.000131
H012,Ground nut,Arachis hypogea,Nuts and Oil Seeds,6,520.08,23.65,39.63,17.27,10.38,0.054,0.00344,0.197,0.391,0.679,0.01221,0.00318,2.275e-05,0.00023,0.0,7.1e-06,9.087e-05
H013,Mustard seeds,Brassica juncea,Nuts and Oil Seeds,6,509.56,19.51,40.19,16.8,14.1,0.402,0.01349,0.266,0.715,0.694,0.00397,0.00403,3.672e-05,0.00024,0.0,3.179e-05,9.488e-05
H014,Linseeds,Linum usitatissimum,Nuts and Oil Seeds,6,443.83,18.55,35.67,10.99,26.17,0.257,0.00544,0.349,0.445,0.655,0.03293,0.00486,1.05e-06,0.00035,0.0,5.5e-07,8.65e-05
H015,"Niger seeds, black",Guizotia abyssinica,Nuts and Oil Seeds,4,512.43,18.92,38.61,22.98,10.93,0.572,0.01819,0.346,0.461,0.716,0.0107,0.00498,2.15e-06,0.00045,0.0,2.52e-06,0.00014
H016,"Niger seeds, gray",Guizotia abyssinica,Nuts and Oil Seeds,5,508.6,18.34,39.53,20.59,10.96,0.375,0.01961,0.379,0.474,0.874,0.00808,0.00362,1.122e-05,0.00034,0.0,2.7e-06,7.313e-05
H017,Pine seed,Pinus gerardiana,Nuts and Oil Seeds,5,594.17,12.55,48.79,26.77,3.79,0.017,0.0045,0.268,0.618,0.686,0.00131,0.00418,1.98e-06,0.00011,0.0,6.1e-07,3.164e-05
H018,Pistachio nuts,Pistacla vera,Nuts and Oil Seeds,6,539.44,23.35,42.49,15.82,10.64,0.135,0.0045,0.149,0.537,1.053,0.00693,0.00242,0.00011,0.00096,0.0,1.8e-06,6.49e-05
H019,Safflower seeds,Carthamus tinctorius,Nuts and Oil Seeds,5,473.47,17.66,30.87,30.18,13.49,0.211,0.00406,0.321,0.644,0.55,0.00305,0.0039,2.07e-06,0.00093,0.0,1.91e-06,8.241e-05
H020,Sunflower seeds,Helianthus annuus,Nuts and Oil Seeds,5,586.28,23.53,51.85,6.85,10.8,0.176,0.00585,0.413,0.752,0.559,0.0019,0.00707,8.15e-06,0.00094,0.0,1.54e-06,8.179e-05
H021,Walnut,Juglans regia,Nuts and Oil Seeds,6,671.37,14.92,64.27,10.14,5.39,0.105,0.00321,0.18,0.4,0.457,0.00133,0.00294,1.447e-05,0.0008,0.00088,4.631e-05,5.795e-05
I001,"Jaggery, cane",Saccharum officinarum,Sugars,6,353.73,1.85,0.16,84.87,0.0,0.107,0.00463,0.115,0.07453,0.488,0.02538,0.00045,0.0,0.00071,0.0,4.7e-07,1.44e-05
I002,"Sugarcane, juice",Saccharum officinarum,Sugars,6,57.84,0.16,0.4,13.11,0.56,0.018,0.00112,0.01303,0.02208,0.15,0.00116,0.00014,7.87e-06,0.0004,0.00673,4.1e-07,4.453e-05
J001,"Button mushroom, fresh",Agaricus sp.,Mushrooms,1,27.49,3.68,0.42,1.98,3.11,0.01838,0.00029,0.0183,0.08711,0.318,0.00772,0.00017,0.0,0.00012,0.0,2.054e-05,8.28e-06
J002,"Chicken mushroom, fresh",Lactiporus sp.,Mushrooms,1,21.27,1.84,0.25,2.76,1.99,0.00483,0.0003,0.01078,0.07974,0.34,0.01022,0.00055,0.0,0.00011,0.00045,2.758e-05,1.113e-05
J003,"Shiitake mushroom, fresh",Lentinula sp.,Mushrooms,1,58.08,3.19,0.76,8.98,3.02,0.0053,0.00193,0.02447,0.09636,0.323,0.0093,0.00121,0.0,0.00045,0.0,3.64e-05,1.092e-05
J004,"Oyster mushroom, dried",Pleurotus sp.,Mushrooms,1,243.55,19.04,2.86,33.07,39.12,0.02361,0.00358,0.136,0.702,0.35,0.00867,0.00867,0.0,0.00085,0.0,0.000109,1.04e-05
K001,Toddy,,Miscellaneous Foods,10,24.14,0.18,0.03,5.72,0.0,0.00044,0.00042,0.00399,0.00582,0.08354,0.00164,1e-05,0.0,3e-05,0.00092,0.0,7.3e-07
K002,Coconut Water,,Miscellaneous Foods,6,15.3,0.26,0.16,3.16,0.0,0.02747,6e-05,0.01819,0.01805,0.215,0.02809,4e-05,0.0,6e-05,0.00064,0.0,1.088e-05
L001,"Milk, whole, Buffalo",,Milk and Milk Products,6,107.31,3.68,6.58,8.39,0.0,0.121,0.00016,0.01005,0.08694,0.109,0.0301,0.0003,8.42e-06,4e-05,0.00237,1.63e-06,8.57e-06
L002,"Milk, whole, Cow",,Milk and Milk Products,6,72.9,3.26,4.48,4.94,0.0,0.118,0.00015,0.00828,0.09656,0.115,0.02546,0.00033,1.367e-05,4e-05,0.00201,1.22e-06,7.03e-06
L003,Paneer,,Milk and Milk Products,6,257.89,18.86,14.78,12.41,0.0,0.476,0.0009,0.02662,0.33,0.06353,0.01804,0.00274,4.39e-06,4e-05,0.0,1.3e-07,9.331e-05
L004,Khoa,,Milk and Milk Products,6,315.97,16.34,20.62,16.53,0.0,0.602,0.00232,0.05853,0.476,0.536,0.0481,0.00234,3.52e-06,6e-05,0.0,1.2e-07,9.425e-05
M001,"Egg, poultry, whole, raw",,Egg and Egg Products,6,134.8,13.28,9.15,0.0,0.0,0.04944,0.00182,0.01201,0.185,0.138,0.123,0.00123,0.00021257,0.00016,0.0,8.4e-07,4.932e-05
M002,"Egg, poultry, white, raw",,Egg and Egg Products,6,44.69,10.84,0.06,0.0,0.0,0.00564,7e-05,0.01142,0.01581,0.152,0.166,3e-05,0.0,0.00436,0.0,1.05e-06,4.96e-06
M003,"Egg, poultry, yolk, raw",,Egg and Egg Products,6,296.85,15.74,26.34,0.0,0.0,0.116,0.00317,0.01317,0.549,0.118,0.04633,0.00164,0.00062996,0.00029,0.0,3.29e-06,0.000112
M004,"Egg, poultry, whole, boiled",,Egg and Egg Products,6,147.71,13.43,10.54,0.0,0.0,0.05512,0.00187,0.01376,0.209,0.127,0.121,0.00131,0.00019426,0.00014,0.0,7.4e-07,4.825e-05
M005,"Egg, poultry, white, boiled",,Egg and Egg Products,6,52.58,12.37,0.26,0.0,0.0,0.00807,0.00015,0.01162,0.023,0.147,0.144,9e-05,0.0,0.00437,0.0,1.8e-07,4.1e-06
M006,"Egg, poultry, yolk, boiled",,Egg and Egg Products,6,308.32,16.13,27.46,0.0,0.0,0.12,0.00492,0.01552,0.586,0.106,0.04483,0.00359,0.00052628,0.00027,0.0,3.04e-06,0.00011
M007,"Egg, poultry, omlet",,Egg and Egg Products,3,169.69,16.53,11.6,0.0,0.0,0.05326,0.00216,0.01484,0.222,0.163,0.169,0.00131,0.00019311,0.00014,0.0,2.98e-06,3.766e-05
M008,"Egg, country hen, whole, raw",,Egg and Egg Products,1,168.26,13.14,13.0,0.0,0.0,0.05014,0.00164,0.011,0.198,0.117,0.157,0.00112,0.00022611,0.00018,0.0,4.46e-06,5.46e-05
M009,"Egg, country hen, whole, boiled",,Egg and Egg Products,1,183.32,14.43,14.1,0.0,0.0,0.05779,0.00173,0.011,0.206,0.12,0.149,0.00125,0.00021351,0.00018,0.0,2.99e-06,5.998e-05
M010,"Egg, country hen, omlet",,Egg and Egg Products,1,204.35,14.8,16.3,0.0,0.0,0.05588,0.00215,0.013,0.243,0.151,0.157,0.00126,0.0002177,0.00018,0.0,3.44e-06,5.879e-05
M011,"Egg, duck, whole, boiled",,Egg and Egg Products,1,176.39,13.8,13.61,0.0,0.0,0.05612,0.00261,0.012,0.263,0.221,0.11,0.00158,0.00021484,0.00015,0.0,1.9e-06,7.332e-05
M012,"Egg, duck, whole, raw",,Egg and Egg Products,1,181.64,14.6,13.83,0.0,0.0,0.05246,0.00246,0.012,0.247,0.228,0.113,0.00149,0.00022774,0.00015,0.0,2.67e-06,7.548e-05
M013,"Egg, duck, whole, omlet",,Egg and Egg Products,1,192.16,15.1,14.8,0.0,0.0,0.07179,0.00328,0.015,0.309,0.154,0.175,0.00189,0.00020506,0.00015,0.0,2.1e-06,6.795e-05
M014,"Egg, quial, whole, raw",,Egg and Egg Products,1,151.77,12.39,11.46,0.0,0.0,0.06067,0.00255,0.011,0.236,0.119,0.132,0.00151,0.00016753,0.00017,0.0,5.72e-06,5.486e-05
M015,"Egg, quial, whole, boiled",,Egg and Egg Products,1,154.64,13.03,11.5,0.0,0.0,0.06135,0.00263,0.012,0.237,0.115,0.13,0.00155,0.00015241,0.00015,0.0,4.91e-06,5.172e-05
N001,"Chicken, poultry, leg, skinless",,Poultry,4,383.6,19.44,12.64,0.0,0.0,0.02052,0.00127,0.02382,0.199,0.283,0.06507,0.00177,1.095e-05,0.00033,0.0,1.14e-06,7.47e-06
N002,"Chicken, poultry, thigh, skinless",,Poultry,6,199.81,18.18,14.23,0.0,0.0,0.01837,0.00111,0.02255,0.186,0.263,0.06459,0.00142,1.648e-05,0.00038,0.0,1.24e-06,9e-06
N003,"Chicken, poultry, breast, skinless",,Poultry,5,168.26,21.81,9.0,0.0,0.0,0.01291,0.00083,0.0202,0.178,0.295,0.0367,0.00078,6.96e-06,0.00053,0.0,1.38e-06,1.044e-05
N004,"Chicken, poultry, wing, skinless",,Poultry,5,192.88,17.42,13.81,0.0,0.0,0.02813,0.00138,0.02281,0.189,0.185,0.07278,0.00148,3.121e-05,0.00039,0.0,1.11e-06,7.87e-06
N005,"Poultry, chicken, liver",,Poultry,1,123.8,21.57,4.08,0.0,0.0,0.0041,0.00992,0.016,0.244,0.241,0.06158,0.00265,0.003486,0.00092,0.0,2.64e-06,0.001032
N006,"Poultry, chicken, gizzard",,Poultry,1,92.26,18.22,2.07,0.0,0.0,0.00546,0.00319,0.014,0.119,0.244,0.0506,0.00265,4.678e-05,0.00014,0.0,1.6e-06,8.72e-06
N007,"Country hen, leg, with skin",,Poultry,1,172.8,17.01,11.73,0.0,0.0,0.02256,0.00166,0.025,0.25,0.357,0.05046,0.00271,1.744e-05,0.00036,0.0,1.12e-06,8.1e-06
N008,"Country hen, thigh, with skin",,Poultry,1,187.62,18.29,12.82,0.0,0.0,0.02012,0.0014,0.024,0.232,0.33,0.05114,0.00216,2.7e-05,0.00042,0.0,1.05e-06,1.042e-05
N009,"Country hen, breast, with skin",,Poultry,1,179.97,22.08,10.2,0.0,0.0,0.01249,0.00109,0.022,0.222,0.365,0.02313,0.00078,8.52e-06,0.00059,0.0,8e-07,1.298e-05
N010,"Country hen, wing, with skin",,Poultry,1,182.6,18.65,12.09,0.0,0.0,0.03546,0.00145,0.025,0.235,0.249,0.05415,0.00164,2.752e-05,0.00043,0.0,6.1e-07,9.19e-06
N011,"Duck, meat, with skin",,Poultry,1,130.74,19.07,6.03,0.0,0.0,0.02277,0.00426,0.026,0.237,0.273,0.08225,0.00292,4.886e-05,0.00031,0.0,9.1e-07,2.798e-05
N012,"Emu, meat, skinless",,Poultry,1,132.89,22.65,4.62,0.0,0.0,0.0074,0.00395,0.025,0.243,0.275,0.04848,0.00291,2.84e-06,0.00035,0.0,6.7e-07,7.07e-06
N013,"Guinea fowl, meat, with skin",,Poultry,1,112.09,20.52,3.24,0.0,0.0,0.03077,0.0022,0.021,0.187,0.24,0.05764,0.00148,2.26e-06,0.00058,0.0,1.02e-06,5.69e-06
N014,"Pigeon, meat, with skin",,Poultry,1,126.2,17.94,6.03,0.0,0.0,0.01811,0.00381,0.029,0.255,0.346,0.0561,0.00248,1.525e-05,0.00048,0.0,1.2e-06,8.41e-06
N015,"Quail, meat, skinless",,Poultry,1,137.67,20.92,5.95,0.0,0.0,0.0206,0.0019,0.031,0.3,0.333,0.05621,0.00113,1.284e-05,0.00056,0.0,1.53e-06,9.33e-06
N016,"Turkey, leg, with skin",,Poultry,1,154.64,20.3,8.15,0.0,0.0,0.02044,0.00201,0.026,0.236,0.308,0.06647,0.00335,8.15e-06,0.00048,0.0,5e-07,8.55e-06
N017,"Turkey, thigh, with skin",,Poultry,1,138.86,20.46,6.31,0.0,0.0,0.02352,0.00158,0.023,0.194,0.28,0.05001,0.00295,1.311e-05,0.00051,0.0,3.6e-07,1.091e-05
N018,"Turkey, breast, with skin",,Poultry,1,160.37,21.96,8.04,0.0,0.0,0.01435,0.00101,0.022,0.182,0.315,0.04045,0.00128,8.97e-06,0.00056,0.0,5.2e-07,1.467e-05
N019,"Turkey, wing, with skin",,Poultry,1,184.27,21.91,10.77,0.0,0.0,0.03349,0.001,0.024,0.199,0.262,0.057,0.00168,1.807e-05,0.00045,0.0,5.2e-07,1.041e-05
O001,"Goat, shoulder, meat",,Animal Meat,6,188.1,20.33,11.94,0.0,0.0,0.00618,0.00148,0.02139,0.189,0.332,0.04731,0.00419,7.57e-06,0.00026,0.0,8e-07,0.0
O002,"Goat, chops",,Animal Meat,6,135.76,20.39,5.98,0.0,0.0,0.00744,0.00187,0.02113,0.195,0.334,0.04572,0.00455,2.55e-06,0.0003,0.0,4e-07,0.0
O003,"Goat, legs",,Animal Meat,6,159.89,22.07,7.94,0.0,0.0,0.00576,0.00177,0.02171,0.187,0.339,0.04277,0.00352,8.51e-06,0.00031,0.0,3.2e-07,0.0
O004,"Goat, brain",,Animal Meat,5,127.39,13.82,8.06,0.0,0.0,0.01061,0.00163,0.01394,0.296,0.296,0.132,0.00108,1.98e-06,0.00028,0.0,3e-07,0.0
O005,"Goat, tongue",,Animal Meat,4,188.58,16.63,13.68,0.0,0.0,0.00711,0.00209,0.01939,0.212,0.223,0.118,0.00244,8.95e-06,0.00017,0.0,3.5e-07,0.0
O006,"Goat, lungs",,Animal Meat,4,95.84,16.86,3.09,0.0,0.0,0.01044,0.0071,0.01148,0.209,0.18,0.08572,0.0017,2.75e-06,0.00014,0.0,1.4e-06,0.0
O007,"Goat, heart",,Animal Meat,5,117.59,19.38,4.4,0.0,0.0,0.00571,0.00338,0.018,0.174,0.224,0.07321,0.00145,5.9e-06,0.00023,0.0,6e-07,0.0
O008,"Goat, liver",,Animal Meat,6,125.72,20.32,4.88,0.0,0.0,0.00609,0.00656,0.018,0.336,0.284,0.05541,0.00348,0.015655,0.00065,0.0,7.4e-07,0.0
O009,"Goat, tripe",,Animal Meat,5,92.26,15.36,3.36,0.0,0.0,0.02087,0.00081,0.013,0.0592,0.045,0.02238,0.00166,2.17e-06,0.0002,0.0,0.0,0.0
O010,"Goat, spleen",,Animal Meat,4,95.84,18.45,2.37,0.0,0.0,0.00835,0.05141,0.0153,0.266,0.368,0.0524,0.00195,7.85e-06,0.00033,0.0,4.6e-07,0.0
O011,"Goat, kidneys",,Animal Meat,4,89.39,15.6,2.93,0.0,0.0,0.01237,0.00673,0.0186,0.22,0.195,0.184,0.00173,6.856e-05,0.0004,0.0,0.0,0.0
O012,"Goat, tube (small intestine)",,Animal Meat,3,125.48,12.92,8.26,0.0,0.0,0.02752,0.00221,0.00714,0.0559,0.13,0.00746,0.00112,2.62e-06,0.00021,0.0,0.0,0.0
O013,"Goat, testis",,Animal Meat,2,71.22,12.32,2.39,0.0,0.0,0.00595,0.00143,0.01366,0.186,0.253,0.09261,0.00119,2.48e-06,0.00024,0.0,6.2e-07,0.0
O014,"Sheep, shoulder",,Animal Meat,5,200.76,18.24,14.31,0.0,0.0,0.00546,0.00163,0.02131,0.195,0.336,0.04565,0.00369,8.71e-06,0.00015,0.0,7e-08,0.0
O015,"Sheep, chops",,Animal Meat,4,118.55,18.0,5.15,0.0,0.0,0.00798,0.00224,0.02142,0.191,0.323,0.04526,0.00346,3.49e-06,0.00018,0.0,4.7e-07,0.0
O016,"Sheep, leg",,Animal Meat,5,163.96,21.42,8.69,0.0,0.0,0.00687,0.00154,0.02222,0.187,0.333,0.0493,0.00267,9.93e-06,0.00024,0.0,2.79e-06,0.0
O017,"Sheep, brain",,Animal Meat,1,117.59,13.05,7.29,0.0,0.0,0.01027,0.00193,0.01408,0.271,0.312,0.122,0.00111,1.55e-06,0.00033,0.0,1.06e-06,0.0
O018,"Sheep, tongue",,Animal Meat,1,187.14,16.61,13.53,0.0,0.0,0.00805,0.00246,0.02453,0.207,0.22,0.185,0.00246,7.33e-06,0.00016,0.0,0.0,0.0
O019,"Sheep, lungs",,Animal Meat,2,86.76,16.12,2.41,0.0,0.0,0.00774,0.00858,0.01168,0.187,0.204,0.109,0.00158,2.45e-06,2e-05,0.0,3.1e-07,0.0
O020,"Sheep, heart",,Animal Meat,1,106.36,18.19,3.66,0.0,0.0,0.00679,0.00307,0.01519,0.163,0.225,0.07262,0.00131,4.64e-06,0.0003,0.0,8e-07,0.0
O021,"Sheep, liver",,Animal Meat,4,133.6,22.26,4.87,0.0,0.0,0.00592,0.00615,0.01791,0.334,0.28,0.05582,0.00373,0.014106,0.00026,0.0,6.7e-07,0.0
O022,"Sheep, tripe",,Animal Meat,2,103.97,16.76,4.05,0.0,0.0,0.01485,0.0009,0.01781,0.05561,0.04875,0.01837,0.00189,2.72e-06,0.00022,0.0,0.0,0.0
O023,"Sheep, spleen",,Animal Meat,1,91.78,16.02,3.02,0.0,0.0,0.01149,0.05311,0.01723,0.266,0.327,0.05058,0.00171,6.61e-06,0.00027,0.0,0.0,0.0
O024,"Sheep, kidneys",,Animal Meat,2,91.78,16.22,2.92,0.0,0.0,0.01415,0.00611,0.01746,0.204,0.198,0.163,0.00192,6.868e-05,0.00051,0.0,4.4e-07,0.0
O025,"Beef, shoulder",,Animal Meat,6,212.48,20.56,14.59,0.0,0.0,0.0065,0.00222,0.02224,0.201,0.367,0.04559,0.00464,1.551e-05,0.00048,0.0,6e-07,0.0
O026,"Beef, chops",,Animal Meat,4,139.82,19.82,6.71,0.0,0.0,0.00464,0.00195,0.02472,0.209,0.383,0.03247,0.00377,2.43e-06,0.00034,0.0,5.2e-07,0.0
O027,"Beef, round (leg)",,Animal Meat,6,157.27,22.64,7.38,0.0,0.0,0.00586,0.0023,0.02659,0.215,0.366,0.03896,0.00336,2.52e-06,0.00044,0.0,5.4e-07,0.0
O028,"Beef, brain",,Animal Meat,4,125.0,10.55,9.28,0.0,0.0,0.01138,0.00215,0.01584,0.326,0.32,0.127,0.00118,2.18e-06,0.00025,0.0,7.4e-07,0.0
O029,"Beef, tongue",,Animal Meat,4,174.71,15.63,12.57,0.0,0.0,0.00949,0.00217,0.02282,0.22,0.26,0.08988,0.00331,5.56e-06,0.00019,0.0,7.6e-07,0.0
O030,"Beef, lungs",,Animal Meat,3,83.89,15.66,2.28,0.0,0.0,0.00931,0.00685,0.0116,0.172,0.216,0.109,0.00152,1.89e-06,0.00023,0.0,0.0,0.0
O031,"Beef, heart",,Animal Meat,5,103.49,17.68,3.57,0.0,0.0,0.00616,0.00362,0.01566,0.181,0.258,0.07052,0.0015,1.013e-05,0.00025,0.0,5.98e-06,0.0
O032,"Beef, liver",,Animal Meat,6,119.26,20.73,3.96,0.0,0.0,0.00546,0.01482,0.01857,0.332,0.289,0.05014,0.00436,0.009119,0.0003,0.0,4e-06,0.0
O033,"Beef, tripe",,Animal Meat,5,75.53,13.1,2.51,0.0,0.0,0.0153,0.00084,0.00933,0.06017,0.143,0.041,0.00202,4.29e-06,0.00023,0.0,4.06e-06,0.0
O034,"Beef, spleen",,Animal Meat,6,90.34,17.42,2.22,0.0,0.0,0.0094,0.03168,0.0158,0.252,0.348,0.05894,0.00201,8.71e-06,0.00026,0.0,3.3e-07,0.0
O035,"Beef, kidneys",,Animal Meat,3,104.92,17.09,4.01,0.0,0.0,0.01531,0.00471,0.0147,0.18,0.184,0.16,0.0014,9.804e-05,0.00022,0.0,6.4e-07,0.0
O036,"Calf, shoulder",,Animal Meat,2,151.29,20.98,7.47,0.0,0.0,0.00839,0.00131,0.02271,0.197,0.369,0.077,0.00331,1.317e-05,0.0005,0.0,0.0,0.0
O037,"Calf, chops",,Animal Meat,2,125.24,22.47,3.85,0.0,0.0,0.00927,0.0012,0.02077,0.195,0.366,0.06494,0.00329,2.1e-06,0.00037,0.0,7.4e-07,0.0
O038,"Calf, round (leg)",,Animal Meat,2,146.99,21.1,6.92,0.0,0.0,0.01003,0.0024,0.02228,0.185,0.356,0.06704,0.00264,2.42e-06,0.00041,0.0,9.7e-07,0.0
O039,"Calf, brain",,Animal Meat,2,107.07,9.84,7.6,0.0,0.0,0.01053,0.00144,0.01429,0.296,0.306,0.115,0.00111,1.41e-06,0.0003,0.0,8.59e-06,0.0
O040,"Calf, tongue",,Animal Meat,2,176.15,17.78,11.76,0.0,0.0,0.00908,0.00263,0.01538,0.178,0.238,0.09164,0.00267,4.63e-06,0.00017,0.0,0.0,0.0
O041,"Calf, heart",,Animal Meat,1,109.7,18.84,3.75,0.0,0.0,0.00648,0.00466,0.01821,0.185,0.224,0.058,0.00163,4.83e-06,0.00041,0.0,0.0,0.0
O042,"Calf, liver",,Animal Meat,1,120.22,21.02,3.95,0.0,0.0,0.00519,0.01626,0.01916,0.358,0.307,0.05499,0.0038,0.009664,0.00059,0.0,0.0,0.0
O043,"Calf, spleen",,Animal Meat,1,90.58,17.71,2.12,0.0,0.0,0.01056,0.02542,0.01895,0.274,0.372,0.06787,0.00202,6.32e-06,0.00044,0.0,2.9e-07,0.0
O044,"Calf, kidneys",,Animal Meat,2,92.5,15.16,3.5,0.0,0.0,0.01263,0.00492,0.01735,0.204,0.206,0.174,0.00158,9.573e-05,0.0003,0.0,0.0,0.0
O045,"Mithun, shoulder",,Animal Meat,1,175.91,19.05,11.14,0.0,0.0,0.00427,0.00205,0.01886,0.199,0.307,0.03294,0.00611,1.268e-05,0.00037,0.0,6e-08,0.0
O046,"Mithun, chops",,Animal Meat,1,128.11,18.19,6.12,0.0,0.0,0.00488,0.00225,0.0182,0.178,0.222,0.04217,0.00608,2.62e-06,0.00034,0.0,8e-08,0.0
O047,"Mithun, round (leg)",,Animal Meat,1,115.92,19.61,4.1,0.0,0.0,0.00532,0.00218,0.02223,0.19,0.338,0.02842,0.00347,2.47e-06,0.00029,0.0,4e-08,0.0
O048,"Pork, shoulder",,Animal Meat,6,237.33,17.41,18.83,0.0,0.0,0.00995,0.00091,0.01501,0.157,0.234,0.05447,0.00208,5.12e-06,0.00041,0.0,9.38e-06,0.0
O049,"Pork, chops",,Animal Meat,6,178.78,19.41,11.3,0.0,0.0,0.00812,0.001,0.01162,0.143,0.243,0.0437,0.00134,1.51e-06,0.00036,0.0,7.1e-06,0.0
O050,"Pork, ham",,Animal Meat,6,240.44,18.83,18.55,0.0,0.0,0.0074,0.00127,0.01705,0.14,0.239,0.04044,0.00176,2.98e-06,0.00025,0.0,5.85e-06,0.0
O051,"Pork, lungs",,Animal Meat,4,85.56,15.13,2.74,0.0,0.0,0.0103,0.00676,0.00982,0.161,0.2,0.06141,0.00118,5.14e-06,0.00019,0.0,2.05e-06,0.0
O052,"Pork, heart",,Animal Meat,4,109.23,16.31,4.87,0.0,0.0,0.00474,0.00397,0.01823,0.187,0.268,0.07052,0.0016,7.16e-06,0.0003,0.0,0.0,0.0
O053,"Pork, liver",,Animal Meat,5,115.68,19.89,3.94,0.0,0.0,0.00552,0.02074,0.01659,0.31,0.279,0.06489,0.00419,0.008759,0.00037,0.0,3.2e-06,0.0
O054,"Pork, stomach",,Animal Meat,1,131.45,15.36,7.81,0.0,0.0,0.01175,0.00192,0.02332,0.125,0.2,0.109,0.00234,3.34e-06,0.00019,0.0,5.5e-07,0.0
O055,"Pork, spleen",,Animal Meat,3,85.33,15.13,2.71,0.0,0.0,0.00698,0.02721,0.01608,0.23,0.325,0.04914,0.00209,8.44e-06,0.00022,0.0,0.0,0.0
O056,"Pork, kidneys",,Animal Meat,5,90.58,14.35,3.65,0.0,0.0,0.00671,0.00626,0.01556,0.201,0.198,0.138,0.0019,7.253e-05,0.00016,0.0,3.16e-06,0.0
O057,"Pork, tube (small intestine)",,Animal Meat,1,140.3,14.96,8.98,0.0,0.0,0.01605,0.00283,0.00978,0.124,0.14,0.06017,0.00136,1.13e-06,0.00019,0.0,1.01e-06,0.0
O058,"Hare, shoulder",,Animal Meat,1,144.12,21.13,6.58,0.0,0.0,0.05751,0.00298,0.028,0.26,0.303,0.05503,0.00272,8.88e-06,0.00028,0.0,6e-08,0.0
O059,"Hare, chops",,Animal Meat,1,106.36,20.62,2.55,0.0,0.0,0.03836,0.00278,0.031,0.295,0.34,0.04861,0.00145,2.84e-06,0.00022,0.0,9e-08,0.0
O060,"Hare, leg",,Animal Meat,1,120.22,20.52,4.16,0.0,0.0,0.05302,0.00246,0.032,0.275,0.37,0.04248,0.00162,1.26e-06,0.00024,0.0,8e-08,0.0
O061,"Rabbit, shoulder",,Animal Meat,1,151.77,20.01,7.96,0.0,0.0,0.04637,0.00174,0.032,0.238,0.361,0.06138,0.00234,5.9e-06,0.0003,0.0,5.7e-07,0.0
O062,"Rabbit, chops",,Animal Meat,1,135.04,22.61,4.88,0.0,0.0,0.02548,0.00242,0.033,0.245,0.374,0.04784,0.0013,3.88e-06,0.00024,0.0,7e-07,0.0
O063,"Rabbit, leg",,Animal Meat,1,139.58,21.31,5.99,0.0,0.0,0.02231,0.00121,0.021,0.245,0.389,0.04603,0.00123,8.49e-06,0.00026,0.0,4.3e-07,0.0
P001,Allathi,Elops machnata,Marine Fish,1,97.04,21.77,0.98,0.0,0.0,0.01378,0.00062,0.02908,0.215,0.286,0.03268,0.0003,9.6e-06,0.194,0.0,1.28e-06,0.0
P002,Aluva,Parastromateus niger,Marine Fish,3,103.73,21.63,1.8,0.0,0.0,0.01132,0.00042,0.03438,0.245,0.47,0.04486,0.00038,1.43e-05,0.158,0.0,1.13e-06,0.0
P003,Anchovy,Stolephorus indicus,Marine Fish,2,87.72,19.88,0.78,0.0,0.0,0.0366,0.00054,0.053,0.246,0.27,0.212,0.00065,1.218e-05,0.06125,0.0,2.87e-06,0.0
P004,Ari fish,Aprion virescens,Marine Fish,1,99.19,22.01,1.11,0.0,0.0,0.00436,0.00047,0.03027,0.265,0.447,0.03735,0.00031,1.56e-06,0.218,0.0,1.04e-06,0.0
P005,Betki,Lates calcarifer,Marine Fish,1,67.88,15.28,0.29,0.0,0.0,0.00884,0.00031,0.02416,0.188,0.355,0.06368,0.00036,5.58e-06,0.085,0.0,1.11e-06,0.0
P006,Black snapper,Macolor niger,Marine Fish,1,90.11,19.5,1.24,0.0,0.0,0.00991,0.00056,0.02672,0.195,0.341,0.04123,0.0004,1.455e-05,0.106,0.0,1.49e-06,0.0
P007,Bombay duck,Harpadon nehereus,Marine Fish,2,68.59,13.53,1.03,0.0,0.0,0.159,0.00081,0.02427,0.185,0.188,0.223,0.00042,3.38e-06,0.098,0.0,1.25e-06,0.0
P008,Bommuralu,Muraenesox cinerius,Marine Fish,3,115.92,22.3,2.87,0.0,0.0,0.04733,0.00043,0.02713,0.207,0.349,0.06187,0.00067,3.28e-06,0.06863,0.0,3.27e-06,0.0
P009,Cat fish,Tachysurus thalassinus,Marine Fish,1,108.99,22.18,2.13,0.0,0.0,0.00554,0.00072,0.02569,0.252,0.429,0.03582,0.00058,1.408e-05,0.223,0.0,1.89e-06,0.0
P010,Chakla,Rachycentron canadum,Marine Fish,5,97.04,20.21,1.68,0.0,0.0,0.00655,0.00041,0.02471,0.219,0.343,0.05141,0.00057,1.39e-06,0.09911,0.0,2.15e-06,0.0
P011,Chappal,Aluterus monoceros,Marine Fish,1,75.76,17.17,0.67,0.0,0.0,0.01022,0.00129,0.02585,0.203,0.306,0.03812,0.00067,1.37e-06,0.185,0.0,2.5e-07,0.0
P012,Chelu,Elagatis bipinnulata,Marine Fish,2,87.48,20.02,0.7,0.0,0.0,0.00817,0.00067,0.03168,0.252,0.406,0.0376,0.00041,1.49e-06,0.161,0.0,1.03e-06,0.0
P013,Chembali,Lutjanus quinquelineatus,Marine Fish,1,97.04,20.06,1.77,0.0,0.0,0.02372,0.00031,0.03055,0.211,0.323,0.03898,0.00032,1.59e-06,0.146,0.0,8.8e-07,0.0
P014,Eri meen,Pristipomoides filamentosus,Marine Fish,1,108.51,22.3,2.02,0.0,0.0,0.01245,0.00046,0.03099,0.243,0.402,0.04119,0.00031,1.324e-05,0.19,0.0,3.4e-07,0.0
P015,Gobro,Epinephelus diacanthus,Marine Fish,2,86.52,19.37,0.88,0.0,0.0,0.02418,0.00036,0.02823,0.17,0.316,0.05268,0.00037,1.82e-06,0.04372,0.0,1.5e-07,0.0
P016,Guitar fish,Rhinobatus prahli,Marine Fish,1,95.6,22.56,0.44,0.0,0.0,0.01732,0.00044,0.02745,0.23,0.342,0.07081,0.00035,1.27e-06,0.139,0.0,4.2e-07,0.0
P017,Hilsa,Tenualosa ilisha,Marine Fish,2,258.84,21.8,18.49,0.0,0.0,0.01982,0.00119,0.03062,0.278,0.341,0.08088,0.00064,7.42e-06,0.12,0.0,5.98e-06,0.0
P018,Jallal,Arius sp.,Marine Fish,1,100.38,21.55,1.46,0.0,0.0,0.01473,0.00046,0.02912,0.204,0.368,0.07433,0.00083,8.49e-06,0.08914,0.0,9.7e-07,0.0
P019,Jathi vela meen,Lethrinus lentjan,Marine Fish,2,108.27,22.45,1.92,0.0,0.0,0.00665,0.00028,0.03112,0.249,0.467,0.03053,0.00035,3.16e-06,0.06745,0.0,1.03e-06,0.0
P020,Kadal bral,Synodus indicus,Marine Fish,1,87.95,18.72,1.34,0.0,0.0,0.07392,0.00031,0.02955,0.219,0.366,0.05366,0.00038,1.063e-05,0.08919,0.0,1.62e-06,0.0
P021,Kadali,Nemipterus mesoprion,Marine Fish,1,126.67,22.07,4.2,0.0,0.0,0.00862,0.00038,0.02623,0.207,0.39,0.03606,0.00035,2.561e-05,0.184,0.0,1.04e-06,0.0
P022,Kalamaara,Leptomelanosoma indicum,Marine Fish,2,125.0,20.89,4.54,0.0,0.0,0.00754,0.0005,0.03429,0.227,0.42,0.02933,0.00038,9.04e-06,0.16,0.0,1.5e-06,0.0
P023,Kalava,Epinephelus coioides,Marine Fish,1,89.39,19.38,1.2,0.0,0.0,0.01066,0.00026,0.02287,0.177,0.279,0.04014,0.00082,1.29e-06,0.135,0.0,1.93e-06,0.0
P024,Kanamayya,Lutjanus rivulatus,Marine Fish,2,87.72,20.19,0.65,0.0,0.0,0.00772,0.00036,0.02707,0.194,0.346,0.05053,0.00031,1.642e-05,0.08386,0.0,1.16e-06,0.0
P025,Kannadi paarai,Alectis indicus,Marine Fish,3,101.1,22.09,1.27,0.0,0.0,0.00904,0.00031,0.03236,0.252,0.432,0.05957,0.0004,1.237e-05,0.06709,0.0,2.9e-07,0.0
P026,Karimeen,Etroplus suratensis,Marine Fish,1,92.26,19.68,1.38,0.0,0.0,0.01173,0.0006,0.02849,0.192,0.452,0.02372,0.00046,1.29e-06,0.09062,0.0,1e-06,0.0
P027,Karnagawala,Anchoa hepsetus,Marine Fish,1,86.76,19.52,0.84,0.0,0.0,0.06003,0.00044,0.0443,0.178,0.228,0.06327,0.00041,1.82e-06,0.06047,0.0,1.28e-06,0.0
P028,Kayrai,Thunnus albacores,Marine Fish,2,108.51,20.15,3.0,0.0,0.0,0.006,0.00098,0.03174,0.266,0.321,0.02512,0.00039,1.019e-05,0.264,0.0,3.25e-06,0.0
P029,Kiriyan,Atule mate,Marine Fish,1,132.89,22.49,4.7,0.0,0.0,0.01942,0.001,0.03198,0.214,0.277,0.03588,0.00082,1.62e-06,0.121,0.0,7.6e-07,0.0
P030,Kite fish,Mobula kuhlii,Marine Fish,1,98.71,23.07,0.56,0.0,0.0,0.01102,0.00138,0.02846,0.231,0.387,0.05903,0.00055,1.52e-06,0.127,0.0,4e-08,0.0
P031,Korka,Terapon jarbua,Marine Fish,1,126.2,23.72,3.36,0.0,0.0,0.01112,0.00073,0.02855,0.229,0.349,0.0433,0.00147,6.55e-06,0.316,0.0,3.6e-07,0.0
P032,Kulam paarai,Carangoides fulvoguttatus,Marine Fish,1,119.74,21.62,3.6,0.0,0.0,0.01517,0.0005,0.03079,0.244,0.366,0.04917,0.00052,3.64e-06,0.218,0.0,2.76e-06,0.0
P033,Maagaa,Polynemus plebeius,Marine Fish,1,87.48,20.11,0.67,0.0,0.0,0.00842,0.00023,0.03032,0.181,0.375,0.05228,0.00035,1.76e-06,0.106,0.0,1.27e-06,0.0
P034,Mackerel,Rastrelliger kanagurta,Marine Fish,3,101.1,21.51,1.53,0.0,0.0,0.03127,0.00146,0.03746,0.231,0.309,0.08301,0.00067,1.634e-05,0.1,0.0,4.5e-07,0.0
P035,Manda clathi,Naso reticulatus,Marine Fish,1,95.12,21.27,1.0,0.0,0.0,0.01148,0.00043,0.03788,0.32,0.431,0.0585,0.00037,1.99e-06,0.08758,0.0,1.91e-06,0.0
P036,Matha,Acanthurus mata,Marine Fish,2,92.97,21.17,0.79,0.0,0.0,0.01402,0.00032,0.04024,0.263,0.45,0.06258,0.00032,4.99e-06,0.04245,0.0,2.06e-06,0.0
P037,Milk fish,Chanos chanos,Marine Fish,1,105.64,23.66,1.09,0.0,0.0,0.02918,0.00135,0.03538,0.292,0.301,0.04298,0.00243,3.29e-06,0.07651,0.0,1.22e-06,0.0
P038,Moon fish,Mene maculata,Marine Fish,1,125.72,20.74,4.69,0.0,0.0,0.02918,0.00167,0.03714,0.169,0.157,0.06517,0.00093,8.94e-06,0.136,0.0,5.7e-07,0.0
P039,Mullet,Mugil cephalus,Marine Fish,3,93.93,20.23,1.32,0.0,0.0,0.0352,0.00131,0.03409,0.222,0.331,0.06609,0.00045,1.838e-05,0.135,0.0,5e-07,0.0
P040,Mural,Tylosurus crocodilus crocodilus,Marine Fish,1,82.46,19.04,0.58,0.0,0.0,0.00861,0.00024,0.0271,0.224,0.33,0.11,0.00071,1.61e-06,0.06724,0.0,8.7e-07,0.0
P041,Myil meen,Istiophorus platypterus,Marine Fish,2,97.99,22.89,0.56,0.0,0.0,0.0072,0.0012,0.03008,0.268,0.365,0.06196,0.00058,2.151e-05,0.119,0.0,4e-07,0.0
P042,Nalla bontha,Epinephelus sp.,Marine Fish,1,87.0,19.82,0.72,0.0,0.0,0.00904,0.00031,0.0292,0.197,0.403,0.05787,0.0003,2.4e-06,0.08341,0.0,5.5e-07,0.0
P043,Narba,Caranx sexfasciatus,Marine Fish,2,103.25,21.95,1.6,0.0,0.0,0.00721,0.00111,0.02633,0.235,0.384,0.04951,0.00045,2.93e-06,0.153,0.0,3.9e-07,0.0
P044,Paarai,Caranx heberi,Marine Fish,1,103.97,21.58,1.84,0.0,0.0,0.01352,0.00069,0.02759,0.284,0.384,0.04522,0.00045,3.23e-06,0.173,0.0,1.78e-06,0.0
P045,Padayappa,Canthidermis maculata,Marine Fish,1,86.04,19.7,0.69,0.0,0.0,0.00983,0.00033,0.02898,0.256,0.49,0.03387,0.00148,1.46e-06,0.06893,0.0,7e-07,0.0
P046,Pali kora,Panna microdon,Marine Fish,1,94.17,19.25,1.81,0.0,0.0,0.01703,0.00042,0.028,0.195,0.364,0.05485,0.00038,1.89e-06,0.126,0.0,1.3e-07,0.0
P047,Pambada,Lepturacanthus savala,Marine Fish,2,128.35,21.95,4.44,0.0,0.0,0.01653,0.00038,0.02987,0.17,0.263,0.08265,0.00041,2.88e-06,0.07649,0.0,1.35e-06,0.0
P048,Pandukopa,Pseudosciaena manchurica,Marine Fish,1,86.04,19.73,0.65,0.0,0.0,0.01218,0.00047,0.02915,0.203,0.427,0.04915,0.00033,1.33e-06,0.262,0.0,3e-07,0.0
P049,Parava,Lactarius lactarius,Marine Fish,1,111.62,21.5,2.74,0.0,0.0,0.02912,0.00358,0.03252,0.194,0.363,0.08408,0.00056,2.56e-06,0.153,0.0,1.13e-06,0.0
P050,Parcus,Psettodes erumei,Marine Fish,1,86.28,19.87,0.62,0.0,0.0,0.02108,0.00028,0.02884,0.218,0.446,0.06438,0.00033,1.72e-06,0.202,0.0,7.7e-07,0.0
P051,Parrot fish,Scarus ghobban,Marine Fish,1,89.63,20.82,0.57,0.0,0.0,0.00921,0.00038,0.02888,0.316,0.432,0.05179,0.00031,2.47e-06,0.132,0.0,6.8e-07,0.0
P052,Perinkilichai,Pinjalo pinjalo,Marine Fish,1,92.5,20.89,0.87,0.0,0.0,0.00725,0.00029,0.02901,0.236,0.365,0.03416,0.00036,1.62e-06,0.119,0.0,4.4e-07,0.0
P053,Phopat,Coryphaena hippurus,Marine Fish,4,101.34,22.05,1.33,0.0,0.0,0.00932,0.00047,0.03227,0.258,0.439,0.0362,0.00036,3.52e-06,0.131,0.0,6.8e-07,0.0
P054,Piranha,Pygopritis sp.,Marine Fish,1,131.21,20.46,5.43,0.0,0.0,0.01485,0.0005,0.02341,0.17,0.323,0.03897,0.00043,1.05e-06,0.06791,0.0,1.15e-06,0.0
P055,"Pomfret, black",Parastromateus niger,Marine Fish,2,123.09,18.91,4.83,0.0,0.0,0.0181,0.00078,0.02822,0.195,0.295,0.06909,0.0005,1.055e-05,0.076,0.0,2.94e-06,0.0
P056,"Pomfret, snub nose",Trachinotus blochii,Marine Fish,2,89.63,21.05,0.46,0.0,0.0,0.00657,0.00041,0.02985,0.247,0.483,0.0361,0.00092,3.91e-06,0.07751,0.0,5.9e-07,0.0
P057,"Pomfret, white",Pampus argenteus,Marine Fish,2,122.61,19.02,5.12,0.0,0.0,0.01364,0.00031,0.0322,0.211,0.255,0.04609,0.00053,3.031e-05,0.13,0.0,7.1e-07,0.0
P058,Pranel,Gerres sp.,Marine Fish,1,96.8,19.69,1.89,0.0,0.0,0.02188,0.00041,0.02626,0.166,0.251,0.05237,0.00055,1.84e-06,0.12,0.0,5.5e-07,0.0
P059,Pulli paarai,Gnathanodon speciosus,Marine Fish,1,95.36,20.06,1.55,0.0,0.0,0.02184,0.00035,0.03112,0.232,0.335,0.05856,0.00052,1.75e-06,0.101,0.0,1.61e-06,0.0
P060,Queen fish,Scomberoides commersonianus,Marine Fish,3,95.6,20.97,1.17,0.0,0.0,0.00575,0.00049,0.0281,0.235,0.44,0.04893,0.00035,1.52e-06,0.118,0.0,1.9e-07,0.0
P061,Raai fish,Lobotes surinamensis,Marine Fish,2,102.77,21.61,1.69,0.0,0.0,0.01109,0.00046,0.02199,0.213,0.347,0.04762,0.00036,1.15e-06,0.108,0.0,3.13e-06,0.0
P062,Raai vanthu,Epinephelus chlorostigma,Marine Fish,1,97.99,19.39,2.17,0.0,0.0,0.00872,0.00036,0.02739,0.178,0.311,0.05083,0.00035,2.87e-06,0.112,0.0,1.23e-06,0.0
P063,Rani,Pink perch,Marine Fish,1,90.11,18.83,1.49,0.0,0.0,0.0379,0.00087,0.02991,0.208,0.335,0.06317,0.0004,1.78e-06,0.0757,0.0,1.9e-06,0.0
P064,"Ray fish, bow head, spotted",Rhina ancylostoma,Marine Fish,1,83.41,19.03,0.7,0.0,0.0,0.00964,0.00025,0.01925,0.196,0.353,0.105,0.00049,1.97e-06,0.12,0.0,8.3e-07,0.0
P065,Red snapper,Lutjanus argentimaculatus,Marine Fish,1,104.45,22.79,1.34,0.0,0.0,0.00839,0.00037,0.03265,0.204,0.446,0.05989,0.00034,4.77e-06,0.06693,0.0,2.37e-06,0.0
P066,"Red snapper, small",Priacanthus hamrur,Marine Fish,1,107.79,21.5,2.3,0.0,0.0,0.01743,0.00057,0.03103,0.204,0.327,0.03897,0.0004,2.087e-05,0.172,0.0,3.18e-06,0.0
P067,Sadaya,Platax orbicularis,Marine Fish,1,110.42,20.68,2.97,0.0,0.0,0.00908,0.00047,0.02627,0.221,0.36,0.04941,0.00068,6.42e-05,0.125,0.0,1.61e-06,0.0
P068,Salmon,Salmo salar,Marine Fish,1,172.32,20.97,9.86,0.0,0.0,0.0243,0.00098,0.03118,0.211,0.345,0.02025,0.00051,1.563e-05,0.15,0.0,9.4e-07,0.0
P069,Sangada,Nemipterus japonicus,Marine Fish,1,105.88,20.26,2.67,0.0,0.0,0.0079,0.00099,0.02837,0.211,0.217,0.07782,0.00032,3.07e-06,0.101,0.0,1.05e-06,0.0
P070,Sankata paarai,Caranx ignobilis,Marine Fish,1,103.73,21.87,1.68,0.0,0.0,0.00603,0.00099,0.02753,0.246,0.379,0.02233,0.00039,2.58e-06,0.181,0.0,7.2e-07,0.0
P071,Sardine,Sardinella longiceps,Marine Fish,1,152.25,17.91,8.99,0.0,0.0,0.04226,0.00083,0.02439,0.191,0.228,0.03849,0.00089,1.266e-05,0.14,0.0,3.51e-06,0.0
P072,Shark,Carcharhinus sorrah,Marine Fish,2,95.12,21.6,0.83,0.0,0.0,0.00844,0.00038,0.03258,0.263,0.372,0.06363,0.00046,1.11e-06,0.11,0.0,3.6e-07,0.0
P073,"Shark, hammer head",Sphyrna mokarran,Marine Fish,1,103.25,23.4,0.8,0.0,0.0,0.00792,0.00086,0.02511,0.2,0.304,0.05355,0.0004,2.055e-05,0.07311,0.0,7.2e-07,0.0
P074,"Shark, spotted",Stegostoma fasciatum,Marine Fish,1,91.78,20.95,0.75,0.0,0.0,0.0081,0.00054,0.01905,0.179,0.318,0.131,0.00055,1.243e-05,0.07656,0.0,1.37e-06,0.0
P075,Shelavu,Sphyraena jello,Marine Fish,4,106.6,22.46,1.74,0.0,0.0,0.01142,0.00052,0.0299,0.251,0.453,0.03873,0.00042,2.482e-05,0.11,0.0,1.87e-06,0.0
P076,Silan,Silonia silondia,Marine Fish,1,151.29,22.72,6.68,0.0,0.0,0.02882,0.00056,0.02264,0.163,0.223,0.02939,0.00058,3.07e-06,0.122,0.0,1.8e-07,0.0
P077,Silk fish,Beryx sp.,Marine Fish,1,97.51,20.65,1.53,0.0,0.0,0.01046,0.0003,0.02713,0.211,0.44,0.04157,0.00034,1.69e-06,0.169,0.0,7.2e-07,0.0
P078,Silver carp,Hypophthalmichthys molitrix,Marine Fish,1,132.65,21.71,5.17,0.0,0.0,0.08555,0.00058,0.02497,0.187,0.249,0.0196,0.00057,6.74e-06,0.136,0.0,8.6e-07,0.0
P079,Sole fish,Cynoglossus arel,Marine Fish,1,87.72,19.05,1.18,0.0,0.0,0.04728,0.00033,0.02796,0.123,0.199,0.07457,0.00017,9.53e-06,0.06889,0.0,1.13e-06,0.0
P080,Stingray,Dasyatis pastinaca,Marine Fish,1,97.51,23.98,0.68,0.0,0.0,0.00916,0.00074,0.02461,0.174,0.27,0.06414,0.00044,7.55e-06,0.214,0.0,9e-07,0.0
P081,Tarlava,Drepane punctata,Marine Fish,2,98.95,21.72,1.2,0.0,0.0,0.01168,0.00053,0.0301,0.199,0.37,0.0674,0.00031,5.32e-06,0.149,0.0,2.36e-06,0.0
P082,Tholam,Plectorhinchus schotaf,Marine Fish,2,103.25,20.78,2.13,0.0,0.0,0.0114,0.0006,0.02614,0.241,0.382,0.028,0.00036,0.00025,0.16,0.0,3.55e-06,0.0
P083,Tilapia,Oreochromis niloticus,Marine Fish,1,83.41,18.48,1.08,0.0,0.0,0.09939,0.00284,0.02456,0.184,0.255,0.05255,0.00088,1.714e-05,0.176,0.0,9.3e-07,0.0
P084,Tuna,Euthynnus affinis,Marine Fish,5,112.33,24.5,1.44,0.0,0.0,0.00982,0.0016,0.03585,0.292,0.357,0.05289,0.00069,1.665e-05,0.06824,0.0,7.4e-07,0.0
P085,"Tuna, striped",Katsuwonus pelamis,Marine Fish,1,96.32,21.28,1.12,0.0,0.0,0.00645,0.00143,0.02602,0.209,0.273,0.0226,0.00046,2.101e-05,0.122,0.0,7e-07,0.0
P086,Valava,Chirocentrus nudus,Marine Fish,1,97.99,21.8,1.06,0.0,0.0,0.03706,0.00024,0.03905,0.229,0.365,0.09191,0.00042,1.25e-06,0.104,0.0,2.6e-07,0.0
P087,Vanjaram,Scomberomorus commerson,Marine Fish,2,136.23,22.28,5.18,0.0,0.0,0.00985,0.00041,0.03673,0.302,0.473,0.03485,0.00074,8.19e-05,0.163,0.0,1.64e-06,0.0
P088,Vela meen,Aprion virescens,Marine Fish,1,128.35,22.16,4.34,0.0,0.0,0.0149,0.00064,0.03193,0.28,0.387,0.03815,0.00036,3.03e-06,0.09792,0.0,9.2e-07,0.0
P089,Vora,Siganus javus,Marine Fish,2,100.86,20.14,2.14,0.0,0.0,0.00764,0.00027,0.03227,0.246,0.401,0.04366,0.00029,3.2e-06,0.121,0.0,7.6e-07,0.0
P090,Whale shark,Galeocerdo cuvier,Marine Fish,1,95.84,21.83,0.82,0.0,0.0,0.00832,0.00033,0.02061,0.274,0.365,0.116,0.00038,1.97e-06,0.125,0.0,2.17e-06,0.0
P091,Xiphinis,Xiphias gladius,Marine Fish,1,88.43,19.82,0.88,0.0,0.0,0.01208,0.00054,0.02638,0.255,0.306,0.06621,0.00056,1.14e-06,0.06579,0.0,9e-08,0.0
P092,"Eggs, Cat fish",Ompok bimaculatus,Marine Fish,1,143.4,24.68,5.28,0.0,0.0,0.06169,0.00665,0.05993,0.445,0.252,0.05483,0.00311,2.55e-06,0.148,0.0,3.27e-06,0.0
Q001,Crab,Menippe mercenaria,Marine Shellfish,1,81.98,10.23,1.41,0.0,0.0,0.128,0.0011,0.03804,0.1,0.171,0.244,0.00076,1.55e-06,0.12,0.0,8.9e-07,0.0
Q002,"Crab, sea",Portunus sanguinolentus,Marine Shellfish,1,67.64,15.36,0.6,0.0,0.0,0.333,0.00098,0.08004,0.193,0.252,0.313,0.00307,5.02e-06,0.117,0.0,7.3e-07,0.0
Q003,"Lobster, brown",Thenus orientalis,Marine Shellfish,1,69.79,15.96,0.56,0.0,0.0,0.07306,0.00077,0.04534,0.223,0.212,0.14,0.00116,1.83e-06,0.216,0.0,8.4e-07,0.0
Q004,"Lobster, king size",Thenus orientalis,Marine Shellfish,1,89.63,18.54,0.78,0.0,0.0,0.06644,0.00035,0.05016,0.261,0.315,0.191,0.00192,1.502e-05,0.156,0.0,2.8e-07,0.0
Q005,Mud crab,Scylla tranquebarica,Marine Shellfish,1,45.41,10.0,0.55,0.0,0.0,0.201,0.00087,0.04692,0.153,0.227,0.305,0.0033,8.33e-06,0.18,0.0,1.08e-06,0.0
Q006,Oyster,Crassostrea sp.,Marine Shellfish,1,60.23,9.51,2.44,0.0,0.0,0.126,0.0009,0.02224,0.17,0.122,0.04101,0.00735,2.536e-05,0.145,0.0,8.6e-07,0.0
Q007,"Tiger prawns, brown",Solenocera crassicornis,Marine Shellfish,1,65.25,14.85,0.56,0.0,0.0,0.03781,0.00073,0.04593,0.189,0.141,0.188,0.0011,1.24e-06,0.104,0.0,1.53e-06,0.0
Q008,"Tiger Prawns, orange",Penaeus monodon,Marine Shellfish,1,64.53,14.25,0.74,0.0,0.0,0.07189,0.00039,0.0305,0.191,0.14,0.06105,0.00116,6.55e-06,0.112,0.0,2.25e-06,0.0
R001,"Clam, green shell",Perna viridis,Marine Mollusks,1,58.08,12.14,0.98,0.0,0.0,0.121,0.00101,0.07364,0.128,0.152,0.322,0.00164,2.904e-05,0.096,0.0,9.3e-07,0.0
R002,"Clam, white shell, ribbed",Meretrix meretrix,Marine Mollusks,1,59.75,11.82,1.34,0.0,0.0,0.05,0.00094,0.08664,0.192,0.245,0.404,0.00116,8.5e-06,0.108,0.0,2.18e-06,0.0
R003,Octopus,Octopus vulgaris,Marine Mollusks,1,79.83,14.71,1.12,0.0,0.0,0.0221,0.00108,0.05092,0.131,0.181,0.23,0.00407,2.8e-05,0.08771,0.0,6.7e-07,0.0
R004,"Squid, black",Loligo sp.,Marine Mollusks,1,80.07,16.1,1.07,0.0,0.0,0.02298,0.0005,0.04199,0.173,0.162,0.179,0.00124,2.55e-06,0.236,0.0,8.9e-07,0.0
R005,"Squid, hard shell",Sepia pharaonis,Marine Mollusks,1,76.48,16.82,0.93,0.0,0.0,0.00873,0.00062,0.03546,0.173,0.116,0.09914,0.0013,1.93e-06,0.0415,0.0,1e-06,0.0
R006,"Squid, red",Loligo duvauceli,Marine Mollusks,2,78.63,16.25,1.44,0.0,0.0,0.01415,0.00026,0.03574,0.167,0.134,0.121,0.00095,4.72e-06,0.101,0.0,1.23e-06,0.0
R007,"Squid, white, small",Uroteuthis duvauceli,Marine Mollusks,1,84.37,17.41,1.15,0.0,0.0,0.03646,0.00039,0.03853,0.151,0.134,0.154,0.00164,8.55e-06,0.118,0.0,7.1e-07,0.0
S001,Cat fish,Tandanus tandanus,Fresh Water Fish and Shellfish,2,123.8,15.86,6.24,0.0,0.0,0.02199,0.00082,0.01878,0.157,0.25,0.02829,0.00071,1.359e-05,0.114,0.0,1.48e-06,0.0
S002,Catla,Catla catla,Fresh Water Fish and Shellfish,6,94.17,17.94,2.15,0.0,0.0,0.04353,0.00114,0.02558,0.182,0.301,0.03656,0.00068,4.32e-06,0.116,0.0,2.06e-06,0.0
S003,Freshwater Eel,Anguilla anguilla,Fresh Water Fish and Shellfish,1,107.79,20.41,2.63,0.0,0.0,0.05299,0.00154,0.0425,0.361,0.45,0.08867,0.00223,0.000866,0.106,0.0,4.38e-06,0.0
S004,Gold fish,Carassius auratus,Fresh Water Fish and Shellfish,1,94.65,16.91,2.94,0.0,0.0,0.04789,0.00076,0.02166,0.185,0.243,0.02753,0.00169,2.295e-05,0.225,0.0,2.8e-07,0.0
S005,Pangas,Pangasianodon hypophthalmus,Fresh Water Fish and Shellfish,2,203.63,17.12,16.77,0.0,0.0,0.01119,0.00069,0.02509,0.179,0.282,0.03742,0.00069,1.459e-05,0.229,0.0,2.8e-07,0.0
S006,Rohu,Labeo rohita,Fresh Water Fish and Shellfish,6,102.29,19.71,2.39,0.0,0.0,0.03937,0.00104,0.02653,0.2,0.303,0.03556,0.0008,3.87e-06,0.24,0.0,1.01e-06,0.0
S007,Crab,Pachygrapsus sp.,Fresh Water Fish and Shellfish,1,78.15,13.23,0.89,0.0,0.0,0.199,0.0011,0.06677,0.208,0.286,0.28,0.00249,1.255e-05,0.202,0.0,1.37e-06,0.0
S008,"Prawns, big",Macrobrachium rosenbergii,Fresh Water Fish and Shellfish,3,90.82,19.24,0.52,0.0,0.0,0.04855,0.00078,0.03925,0.237,0.269,0.849,0.00144,3.56e-06,0.186,0.0,4.5e-07,0.0
S009,"Prawns, small",Macrobrachium sp.,Fresh Water Fish and Shellfish,6,70.98,13.07,0.78,0.0,0.0,0.06799,0.00087,0.02691,0.192,0.224,0.07771,0.00087,2.78e-06,0.207,0.0,1.1e-06,0.0
S010,Tiger prawns,Macrobrachium sp.,Fresh Water Fish and Shellfish,2,67.88,14.24,0.66,0.0,0.0,0.0579,0.00084,0.02294,0.155,0.149,0.08077,0.00102,5.5e-07,0.216,0.0,1.61e-06,0.0
T001,Coconut oil,,Edible Oils and Fats,1,0.0,0.0,100.0,0.0,0.0,0.0,0.0,0.0,0.0,0.0,0.0,0.0,0.0,0.0,0.0,0.0,0.0
T002,Corn oil,,Edible Oils and Fats,1,0.0,0.0,100.01,0.0,0.0,0.0,0.0,0.0,0.0,0.0,0.0,0.0,0.0,0.0,0.0,0.0,0.0
T003,Cotton seed oil,,Edible Oils and Fats,1,0.0,0.0,99.99,0.0,0.0,0.0,0.0,0.0,0.0,0.0,0.0,0.0,0.0,0.0,0.0,0.0,0.0
T004,Gingelly oil,,Edible Oils and Fats,6,0.0,0.0,100.0,0.0,0.0,0.0,0.0,0.0,0.0,0.0,0.0,0.0,0.0,0.0,0.0,0.0,0.0
T005,Groundnut oil,,Edible Oils and Fats,5,0.0,0.0,100.0,0.0,0.0,0.0,0.0,0.0,0.0,0.0,0.0,0.0,0.0,0.0,0.0,0.0,0.0
T006,Mustard oil,,Edible Oils and Fats,6,0.0,0.0,100.0,0.0,0.0,0.0,0.0,0.0,0.0,0.0,0.0,0.0,0.0,0.0,0.0,0.0,0.0
T007,Palm oil,,Edible Oils and Fats,4,0.0,0.0,100.0,0.0,0.0,0.0,0.0,0.0,0.0,0.0,0.0,0.0,0.0,0.0,0.0,0.0,0.0
T008,Rice bran oil,,Edible Oils and Fats,5,0.0,0.0,100.0,0.0,0.0,0.0,0.0,0.0,0.0,0.0,0.0,0.0,0.0,0.0,0.0,0.0,0.0
T009,Safflower oil,,Edible Oils and Fats,1,0.0,0.0,100.01,0.0,0.0,0.0,0.0,0.0,0.0,0.0,0.0,0.0,0.0,0.0,0.0,0.0,0.0
T010,Safflower oil (blended),,Edible Oils and Fats,4,0.0,0.0,100.0,0.0,0.0,0.0,0.0,0.0,0.0,0.0,0.0,0.0,0.0,0.0,0.0,0.0,0.0
T011,Soyabean oil,,Edible Oils and Fats,6,0.0,0.0,100.0,0.0,0.0,0.0,0.0,0.0,0.0,0.0,0.0,0.0,0.0,0.0,0.0,0.0,0.0
T012,Sunflower oil,,Edible Oils and Fats,6,0.0,0.0,100.0,0.0,0.0,0.0,0.0,0.0,0.0,0.0,0.0,0.0,0.0,0.0,0.0,0.0,0.0
T013,Ghee,,Edible Oils and Fats,6,0.0,0.0,100.0,0.0,0.0,0.0,0.0,0.0,0.0,0.0,0.0,0.0,0.0,0.0,0.0,0.0,0.0
T014,Vanaspati,,Edible Oils and Fats,6,0.0,0.0,100.0,0.0,0.0,0.0,0.0,0.0,0.0,0.0,0.0,0.0,0.0,0.0,0.0,0.0,0.0
